user_id,register_date,channel,city_tier,user_type
U00001,2023-07-20,自然搜索,三线,新客
U00002,2024-03-07,自然搜索,一线,新客
U00003,2023-08-20,自然搜索,二线,新客
U00004,2023-07-26,社交媒体,四线及以下,新客
U00005,2024-07-17,付费广告,二线,新客
U00006,2023-11-08,付费广告,一线,新客
U00007,2024-12-12,付费广告,一线,新客
U00008,2023-04-09,内容营销,二线,新客
U00009,2024-11-24,自然搜索,一线,新客
U00010,2024-10-13,自然搜索,三线,新客
U00011,2023-02-24,自然搜索,三线,新客
U00012,2023-12-03,内容营销,一线,新客
U00013,2023-02-28,社交媒体,四线及以下,新客
U00014,2024-08-24,付费广告,二线,新客
U00015,2023-12-23,自然搜索,一线,新客
U00016,2024-10-04,付费广告,三线,新客
U00017,2024-05-22,自然搜索,三线,新客
U00018,2023-10-26,内容营销,三线,新客
U00019,2024-04-10,口碑推荐,四线及以下,新客
U00020,2024-03-15,付费广告,三线,新客
U00021,2023-12-20,内容营销,四线及以下,新客
U00022,2024-08-18,自然搜索,二线,新客
U00023,2023-03-07,社交媒体,三线,新客
U00024,2024-07-01,内容营销,四线及以下,老客带新
U00025,2024-09-01,付费广告,三线,新客
U00026,2023-07-18,口碑推荐,一线,新客
U00027,2023-04-26,付费广告,二线,新客
U00028,2024-02-13,付费广告,二线,新客
U00029,2023-09-24,自然搜索,一线,新客
U00030,2024-08-25,付费广告,四线及以下,老客带新
U00031,2024-08-21,社交媒体,一线,新客
U00032,2024-03-24,内容营销,一线,新客
U00033,2023-07-12,社交媒体,四线及以下,新客
U00034,2023-08-14,内容营销,二线,新客
U00035,2023-03-16,口碑推荐,一线,老客带新
U00036,2024-04-29,自然搜索,二线,新客
U00037,2024-06-02,付费广告,三线,新客
U00038,2023-04-03,自然搜索,一线,新客
U00039,2023-06-22,社交媒体,四线及以下,新客
U00040,2023-10-02,内容营销,二线,新客
U00041,2024-10-10,自然搜索,二线,新客
U00042,2023-11-29,社交媒体,二线,新客
U00043,2023-10-02,社交媒体,三线,新客
U00044,2024-02-11,社交媒体,一线,新客
U00045,2024-03-04,付费广告,一线,新客
U00046,2024-02-18,付费广告,二线,新客
U00047,2023-08-20,自然搜索,三线,新客
U00048,2024-04-08,自然搜索,一线,新客
U00049,2024-06-09,自然搜索,三线,新客
U00050,2024-09-16,社交媒体,三线,新客
U00051,2024-01-05,自然搜索,一线,新客
U00052,2024-03-09,内容营销,一线,新客
U00053,2023-01-26,付费广告,二线,新客
U00054,2023-07-09,社交媒体,二线,新客
U00055,2024-11-22,付费广告,一线,新客
U00056,2023-12-05,社交媒体,二线,老客带新
U00057,2024-12-02,内容营销,二线,新客
U00058,2024-07-11,自然搜索,二线,新客
U00059,2023-08-02,付费广告,一线,新客
U00060,2023-03-03,口碑推荐,二线,新客
U00061,2023-05-11,自然搜索,三线,新客
U00062,2023-07-26,自然搜索,四线及以下,新客
U00063,2023-09-26,付费广告,四线及以下,新客
U00064,2023-07-09,自然搜索,二线,新客
U00065,2023-08-11,社交媒体,二线,新客
U00066,2023-02-01,自然搜索,二线,新客
U00067,2024-04-18,内容营销,一线,新客
U00068,2024-11-15,口碑推荐,一线,新客
U00069,2023-05-04,社交媒体,三线,新客
U00070,2023-12-05,社交媒体,一线,新客
U00071,2024-10-19,内容营销,一线,老客带新
U00072,2023-03-03,自然搜索,四线及以下,老客带新
U00073,2023-03-07,内容营销,一线,新客
U00074,2024-03-10,口碑推荐,一线,新客
U00075,2023-03-03,社交媒体,一线,新客
U00076,2023-05-27,社交媒体,二线,新客
U00077,2024-11-05,自然搜索,三线,老客带新
U00078,2023-07-27,付费广告,二线,新客
U00079,2023-09-13,口碑推荐,二线,新客
U00080,2024-03-22,自然搜索,三线,新客
U00081,2023-10-26,口碑推荐,三线,新客
U00082,2024-01-15,自然搜索,四线及以下,新客
U00083,2023-07-17,自然搜索,三线,新客
U00084,2024-07-28,自然搜索,二线,新客
U00085,2023-05-24,自然搜索,一线,新客
U00086,2023-07-13,付费广告,一线,新客
U00087,2024-03-07,自然搜索,一线,新客
U00088,2023-04-14,内容营销,三线,新客
U00089,2023-07-27,社交媒体,三线,新客
U00090,2024-07-16,自然搜索,二线,老客带新
U00091,2023-02-10,社交媒体,一线,新客
U00092,2024-01-21,内容营销,二线,新客
U00093,2024-08-29,社交媒体,四线及以下,新客
U00094,2023-12-09,自然搜索,二线,新客
U00095,2024-08-04,内容营销,三线,新客
U00096,2024-11-19,口碑推荐,三线,新客
U00097,2023-07-01,自然搜索,四线及以下,老客带新
U00098,2023-01-26,自然搜索,三线,新客
U00099,2024-08-06,社交媒体,三线,老客带新
U00100,2023-09-01,自然搜索,一线,老客带新
U00101,2023-07-06,口碑推荐,一线,老客带新
U00102,2023-08-26,付费广告,二线,新客
U00103,2023-09-03,内容营销,一线,新客
U00104,2023-01-20,社交媒体,四线及以下,新客
U00105,2023-10-10,自然搜索,一线,新客
U00106,2024-12-06,自然搜索,四线及以下,新客
U00107,2024-10-16,社交媒体,二线,新客
U00108,2023-09-18,口碑推荐,二线,新客
U00109,2024-05-12,口碑推荐,四线及以下,老客带新
U00110,2024-08-05,付费广告,二线,新客
U00111,2023-07-02,自然搜索,二线,新客
U00112,2023-03-19,自然搜索,一线,新客
U00113,2023-05-18,社交媒体,三线,新客
U00114,2024-12-08,自然搜索,一线,新客
U00115,2024-04-27,付费广告,二线,老客带新
U00116,2023-02-28,社交媒体,二线,新客
U00117,2024-10-15,内容营销,三线,新客
U00118,2023-05-02,付费广告,三线,新客
U00119,2023-01-20,自然搜索,二线,新客
U00120,2023-02-21,社交媒体,二线,新客
U00121,2023-12-23,社交媒体,三线,新客
U00122,2023-06-23,付费广告,二线,新客
U00123,2023-04-24,内容营销,二线,新客
U00124,2023-11-21,口碑推荐,二线,新客
U00125,2024-05-01,自然搜索,四线及以下,新客
U00126,2024-11-26,自然搜索,二线,老客带新
U00127,2024-07-26,付费广告,二线,新客
U00128,2023-06-22,口碑推荐,三线,新客
U00129,2023-11-13,自然搜索,三线,新客
U00130,2024-03-27,社交媒体,一线,老客带新
U00131,2023-09-26,社交媒体,二线,老客带新
U00132,2023-06-16,自然搜索,三线,新客
U00133,2023-03-22,社交媒体,四线及以下,新客
U00134,2023-04-20,内容营销,三线,新客
U00135,2023-03-21,自然搜索,二线,新客
U00136,2024-07-31,付费广告,一线,新客
U00137,2024-08-02,付费广告,四线及以下,新客
U00138,2023-01-09,内容营销,三线,新客
U00139,2023-07-18,内容营销,一线,老客带新
U00140,2023-07-31,付费广告,一线,新客
U00141,2023-11-25,口碑推荐,三线,新客
U00142,2024-06-17,付费广告,二线,新客
U00143,2023-10-01,付费广告,二线,新客
U00144,2023-07-28,付费广告,一线,新客
U00145,2024-04-21,自然搜索,一线,新客
U00146,2024-04-20,付费广告,二线,新客
U00147,2024-08-21,社交媒体,三线,新客
U00148,2024-04-27,自然搜索,二线,新客
U00149,2023-01-17,内容营销,二线,新客
U00150,2023-12-02,自然搜索,一线,新客
U00151,2023-05-28,自然搜索,二线,新客
U00152,2024-10-31,付费广告,一线,新客
U00153,2023-09-01,社交媒体,二线,新客
U00154,2024-07-10,自然搜索,三线,新客
U00155,2024-03-29,付费广告,一线,新客
U00156,2024-08-17,内容营销,一线,新客
U00157,2024-10-16,付费广告,一线,新客
U00158,2023-01-25,付费广告,二线,老客带新
U00159,2024-08-04,口碑推荐,四线及以下,新客
U00160,2024-05-03,自然搜索,一线,新客
U00161,2023-04-07,付费广告,四线及以下,新客
U00162,2023-08-19,付费广告,一线,新客
U00163,2023-03-18,付费广告,三线,新客
U00164,2023-03-27,付费广告,二线,新客
U00165,2024-06-08,自然搜索,三线,新客
U00166,2024-05-27,付费广告,二线,新客
U00167,2024-09-25,自然搜索,二线,老客带新
U00168,2024-04-04,口碑推荐,三线,新客
U00169,2023-04-02,付费广告,三线,新客
U00170,2023-04-02,付费广告,二线,新客
U00171,2024-02-16,内容营销,一线,老客带新
U00172,2024-04-15,社交媒体,一线,新客
U00173,2024-11-29,自然搜索,三线,新客
U00174,2023-07-03,内容营销,二线,老客带新
U00175,2024-04-26,自然搜索,二线,新客
U00176,2024-04-07,自然搜索,三线,新客
U00177,2024-07-16,口碑推荐,四线及以下,新客
U00178,2024-11-13,付费广告,三线,新客
U00179,2024-02-01,付费广告,三线,老客带新
U00180,2023-06-13,自然搜索,三线,新客
U00181,2024-07-16,付费广告,二线,老客带新
U00182,2023-08-26,付费广告,一线,老客带新
U00183,2023-02-21,内容营销,三线,新客
U00184,2023-01-29,自然搜索,二线,新客
U00185,2024-02-26,内容营销,四线及以下,新客
U00186,2023-05-29,社交媒体,一线,新客
U00187,2024-04-14,口碑推荐,一线,新客
U00188,2023-04-04,社交媒体,四线及以下,新客
U00189,2024-05-12,社交媒体,三线,新客
U00190,2023-12-25,付费广告,二线,新客
U00191,2024-02-16,自然搜索,三线,新客
U00192,2023-06-03,自然搜索,三线,老客带新
U00193,2023-09-03,内容营销,二线,新客
U00194,2024-12-08,口碑推荐,一线,老客带新
U00195,2024-02-16,付费广告,三线,新客
U00196,2023-03-30,自然搜索,四线及以下,新客
U00197,2023-01-21,付费广告,一线,新客
U00198,2024-09-15,社交媒体,四线及以下,新客
U00199,2023-01-04,付费广告,四线及以下,新客
U00200,2024-06-19,口碑推荐,二线,新客
U00201,2023-10-20,内容营销,三线,新客
U00202,2023-03-10,自然搜索,二线,新客
U00203,2024-02-19,付费广告,一线,新客
U00204,2024-06-09,付费广告,三线,新客
U00205,2024-10-15,付费广告,四线及以下,新客
U00206,2023-02-27,自然搜索,三线,新客
U00207,2023-09-30,自然搜索,二线,老客带新
U00208,2024-05-03,内容营销,一线,老客带新
U00209,2023-01-10,付费广告,一线,老客带新
U00210,2023-11-19,付费广告,二线,新客
U00211,2024-04-02,内容营销,一线,新客
U00212,2023-10-21,口碑推荐,二线,新客
U00213,2023-03-20,自然搜索,二线,新客
U00214,2024-12-04,社交媒体,三线,新客
U00215,2023-07-25,付费广告,二线,新客
U00216,2023-04-14,口碑推荐,二线,新客
U00217,2024-07-25,社交媒体,二线,新客
U00218,2023-08-13,社交媒体,一线,新客
U00219,2024-04-09,付费广告,一线,新客
U00220,2023-12-16,口碑推荐,一线,新客
U00221,2024-11-06,自然搜索,四线及以下,新客
U00222,2023-02-02,自然搜索,一线,新客
U00223,2024-11-13,付费广告,三线,老客带新
U00224,2024-07-19,自然搜索,四线及以下,新客
U00225,2024-10-18,自然搜索,三线,新客
U00226,2024-10-09,口碑推荐,一线,老客带新
U00227,2024-08-03,内容营销,四线及以下,新客
U00228,2023-06-15,付费广告,一线,新客
U00229,2024-10-03,付费广告,二线,新客
U00230,2023-05-02,付费广告,四线及以下,新客
U00231,2023-08-20,付费广告,三线,新客
U00232,2023-12-09,自然搜索,二线,新客
U00233,2023-05-08,内容营销,一线,新客
U00234,2023-04-07,自然搜索,二线,新客
U00235,2024-01-16,付费广告,二线,老客带新
U00236,2024-02-28,自然搜索,二线,新客
U00237,2024-10-30,内容营销,四线及以下,新客
U00238,2024-08-09,社交媒体,四线及以下,老客带新
U00239,2024-01-14,内容营销,四线及以下,新客
U00240,2023-10-17,口碑推荐,二线,新客
U00241,2024-05-19,付费广告,三线,新客
U00242,2024-07-22,自然搜索,四线及以下,新客
U00243,2024-11-17,社交媒体,四线及以下,新客
U00244,2023-05-27,付费广告,二线,新客
U00245,2024-09-15,社交媒体,一线,新客
U00246,2023-09-10,自然搜索,一线,新客
U00247,2024-08-24,自然搜索,二线,新客
U00248,2023-01-16,付费广告,三线,老客带新
U00249,2023-02-22,社交媒体,三线,新客
U00250,2024-04-20,口碑推荐,一线,新客
U00251,2023-08-12,自然搜索,一线,新客
U00252,2024-08-24,付费广告,二线,新客
U00253,2024-04-02,自然搜索,二线,新客
U00254,2023-05-23,自然搜索,一线,新客
U00255,2024-10-25,付费广告,三线,新客
U00256,2023-12-23,自然搜索,二线,新客
U00257,2024-04-14,自然搜索,三线,新客
U00258,2023-05-23,付费广告,二线,新客
U00259,2024-02-23,付费广告,二线,老客带新
U00260,2023-05-16,自然搜索,二线,新客
U00261,2024-05-09,自然搜索,四线及以下,新客
U00262,2024-07-29,自然搜索,一线,新客
U00263,2023-12-13,自然搜索,三线,新客
U00264,2024-04-16,社交媒体,二线,新客
U00265,2023-07-04,付费广告,四线及以下,新客
U00266,2023-01-06,付费广告,三线,新客
U00267,2024-11-17,付费广告,二线,老客带新
U00268,2023-10-20,社交媒体,三线,新客
U00269,2023-05-05,内容营销,一线,老客带新
U00270,2023-02-20,口碑推荐,四线及以下,新客
U00271,2023-10-24,社交媒体,二线,新客
U00272,2024-07-20,付费广告,二线,新客
U00273,2023-01-25,社交媒体,三线,新客
U00274,2023-05-14,社交媒体,三线,新客
U00275,2023-04-17,自然搜索,一线,新客
U00276,2024-12-07,自然搜索,三线,新客
U00277,2024-10-24,付费广告,二线,新客
U00278,2024-05-23,内容营销,二线,老客带新
U00279,2024-08-17,付费广告,三线,新客
U00280,2023-12-15,社交媒体,二线,老客带新
U00281,2023-03-30,付费广告,二线,新客
U00282,2023-01-02,付费广告,三线,老客带新
U00283,2024-07-05,自然搜索,一线,新客
U00284,2023-05-13,自然搜索,三线,新客
U00285,2023-03-03,口碑推荐,一线,新客
U00286,2023-01-09,社交媒体,一线,新客
U00287,2023-10-09,付费广告,一线,新客
U00288,2023-12-10,口碑推荐,三线,新客
U00289,2023-12-11,自然搜索,三线,新客
U00290,2023-02-19,内容营销,一线,新客
U00291,2024-05-28,付费广告,一线,新客
U00292,2024-11-08,付费广告,四线及以下,新客
U00293,2023-08-25,付费广告,一线,新客
U00294,2023-10-24,自然搜索,四线及以下,老客带新
U00295,2023-02-19,自然搜索,一线,新客
U00296,2023-09-05,社交媒体,三线,新客
U00297,2023-04-27,内容营销,二线,老客带新
U00298,2024-09-10,口碑推荐,四线及以下,新客
U00299,2024-01-07,自然搜索,三线,新客
U00300,2024-11-25,付费广告,二线,新客
U00301,2024-09-17,自然搜索,一线,新客
U00302,2023-04-11,自然搜索,三线,新客
U00303,2023-05-10,社交媒体,三线,新客
U00304,2024-11-24,付费广告,一线,新客
U00305,2024-04-28,自然搜索,一线,新客
U00306,2024-03-30,自然搜索,三线,新客
U00307,2024-06-11,内容营销,一线,老客带新
U00308,2023-07-24,自然搜索,三线,新客
U00309,2024-10-27,付费广告,二线,老客带新
U00310,2023-12-14,付费广告,四线及以下,老客带新
U00311,2024-11-04,自然搜索,四线及以下,新客
U00312,2024-11-16,自然搜索,四线及以下,新客
U00313,2023-03-11,付费广告,一线,新客
U00314,2024-05-12,口碑推荐,四线及以下,老客带新
U00315,2024-08-09,付费广告,一线,新客
U00316,2024-10-05,社交媒体,二线,老客带新
U00317,2024-07-11,内容营销,二线,新客
U00318,2023-04-13,口碑推荐,一线,新客
U00319,2023-09-17,付费广告,四线及以下,新客
U00320,2023-12-06,付费广告,一线,新客
U00321,2023-07-28,社交媒体,三线,新客
U00322,2024-02-15,社交媒体,三线,新客
U00323,2024-07-20,付费广告,三线,新客
U00324,2024-03-12,社交媒体,一线,新客
U00325,2024-08-28,自然搜索,二线,老客带新
U00326,2023-03-14,付费广告,三线,老客带新
U00327,2024-08-20,付费广告,二线,新客
U00328,2024-08-27,自然搜索,二线,新客
U00329,2024-09-15,自然搜索,一线,新客
U00330,2024-04-20,社交媒体,二线,新客
U00331,2023-07-13,付费广告,四线及以下,新客
U00332,2024-09-02,付费广告,二线,新客
U00333,2023-07-14,付费广告,二线,新客
U00334,2023-05-04,付费广告,二线,老客带新
U00335,2024-11-02,自然搜索,二线,新客
U00336,2023-11-15,社交媒体,一线,新客
U00337,2024-03-08,口碑推荐,一线,新客
U00338,2023-09-08,口碑推荐,二线,新客
U00339,2023-12-14,社交媒体,三线,新客
U00340,2023-06-07,付费广告,二线,新客
U00341,2024-02-08,自然搜索,二线,新客
U00342,2023-08-09,付费广告,二线,老客带新
U00343,2023-09-16,自然搜索,一线,新客
U00344,2023-02-05,内容营销,四线及以下,老客带新
U00345,2023-05-07,自然搜索,二线,新客
U00346,2024-07-02,自然搜索,一线,老客带新
U00347,2024-04-08,内容营销,一线,新客
U00348,2023-01-23,内容营销,四线及以下,新客
U00349,2024-08-10,口碑推荐,一线,新客
U00350,2023-07-25,自然搜索,三线,新客
U00351,2023-12-31,自然搜索,一线,新客
U00352,2023-04-07,付费广告,四线及以下,新客
U00353,2024-07-06,自然搜索,四线及以下,新客
U00354,2024-09-29,自然搜索,二线,新客
U00355,2023-10-24,付费广告,一线,老客带新
U00356,2024-07-01,内容营销,一线,新客
U00357,2023-03-15,付费广告,二线,新客
U00358,2024-01-14,社交媒体,二线,新客
U00359,2024-08-21,社交媒体,一线,新客
U00360,2023-08-08,付费广告,一线,新客
U00361,2023-07-01,社交媒体,二线,新客
U00362,2023-03-15,自然搜索,二线,新客
U00363,2024-05-20,自然搜索,一线,新客
U00364,2024-11-22,社交媒体,一线,新客
U00365,2023-06-21,自然搜索,四线及以下,新客
U00366,2023-06-26,内容营销,二线,新客
U00367,2023-12-10,自然搜索,三线,新客
U00368,2024-01-11,社交媒体,二线,新客
U00369,2024-09-08,付费广告,一线,老客带新
U00370,2024-10-13,自然搜索,二线,老客带新
U00371,2023-11-25,自然搜索,二线,新客
U00372,2023-05-05,社交媒体,三线,新客
U00373,2023-03-21,口碑推荐,三线,新客
U00374,2024-08-18,口碑推荐,一线,新客
U00375,2024-06-09,付费广告,四线及以下,新客
U00376,2023-09-15,口碑推荐,二线,新客
U00377,2024-02-10,社交媒体,四线及以下,新客
U00378,2023-01-22,社交媒体,四线及以下,新客
U00379,2024-10-14,付费广告,一线,新客
U00380,2023-03-18,社交媒体,二线,新客
U00381,2024-11-16,口碑推荐,二线,新客
U00382,2023-11-09,付费广告,三线,新客
U00383,2023-10-14,口碑推荐,二线,新客
U00384,2023-08-05,社交媒体,四线及以下,新客
U00385,2023-12-21,自然搜索,三线,新客
U00386,2024-08-31,自然搜索,一线,新客
U00387,2023-04-27,付费广告,一线,新客
U00388,2023-08-25,付费广告,三线,新客
U00389,2024-06-22,口碑推荐,一线,新客
U00390,2023-05-10,自然搜索,三线,新客
U00391,2023-04-28,口碑推荐,二线,新客
U00392,2024-10-09,内容营销,二线,新客
U00393,2023-08-30,自然搜索,一线,老客带新
U00394,2024-09-12,内容营销,三线,老客带新
U00395,2024-01-24,内容营销,一线,新客
U00396,2024-04-08,社交媒体,三线,老客带新
U00397,2024-01-29,口碑推荐,二线,新客
U00398,2023-06-18,内容营销,三线,新客
U00399,2024-06-29,社交媒体,二线,新客
U00400,2024-03-21,付费广告,一线,老客带新
U00401,2023-02-10,口碑推荐,三线,新客
U00402,2024-12-09,社交媒体,一线,新客
U00403,2024-01-01,社交媒体,二线,新客
U00404,2024-11-15,付费广告,一线,新客
U00405,2023-01-23,口碑推荐,三线,新客
U00406,2023-01-19,自然搜索,四线及以下,新客
U00407,2024-03-13,内容营销,二线,新客
U00408,2023-11-18,付费广告,二线,新客
U00409,2024-10-19,自然搜索,三线,新客
U00410,2024-05-08,付费广告,一线,新客
U00411,2023-01-03,自然搜索,四线及以下,新客
U00412,2023-09-01,社交媒体,一线,新客
U00413,2023-01-22,内容营销,四线及以下,新客
U00414,2024-04-18,口碑推荐,三线,新客
U00415,2023-06-28,自然搜索,三线,新客
U00416,2024-04-30,自然搜索,三线,新客
U00417,2023-05-07,口碑推荐,二线,老客带新
U00418,2023-03-23,内容营销,二线,老客带新
U00419,2024-10-27,付费广告,一线,新客
U00420,2024-08-28,付费广告,三线,新客
U00421,2023-10-08,付费广告,三线,老客带新
U00422,2024-07-11,内容营销,四线及以下,老客带新
U00423,2024-09-06,社交媒体,二线,老客带新
U00424,2023-09-12,付费广告,一线,新客
U00425,2023-01-20,付费广告,二线,新客
U00426,2024-01-09,内容营销,三线,新客
U00427,2023-04-02,自然搜索,一线,新客
U00428,2024-05-03,付费广告,一线,新客
U00429,2023-02-28,社交媒体,三线,新客
U00430,2023-08-06,自然搜索,二线,新客
U00431,2023-02-22,自然搜索,二线,新客
U00432,2024-09-25,口碑推荐,二线,新客
U00433,2024-06-06,内容营销,三线,新客
U00434,2023-01-23,口碑推荐,一线,新客
U00435,2023-12-02,内容营销,三线,新客
U00436,2024-05-11,社交媒体,一线,新客
U00437,2024-03-19,口碑推荐,四线及以下,新客
U00438,2024-03-01,付费广告,二线,新客
U00439,2024-09-06,社交媒体,二线,新客
U00440,2023-02-11,内容营销,三线,新客
U00441,2024-07-01,自然搜索,三线,新客
U00442,2023-06-28,付费广告,一线,新客
U00443,2023-02-06,付费广告,三线,新客
U00444,2024-05-27,自然搜索,一线,老客带新
U00445,2024-06-09,自然搜索,四线及以下,新客
U00446,2024-06-26,口碑推荐,三线,新客
U00447,2024-08-18,内容营销,二线,新客
U00448,2023-06-01,付费广告,三线,新客
U00449,2024-12-06,自然搜索,二线,新客
U00450,2024-11-01,自然搜索,一线,老客带新
U00451,2024-07-11,内容营销,四线及以下,新客
U00452,2023-05-05,付费广告,三线,新客
U00453,2023-10-22,付费广告,二线,新客
U00454,2024-05-05,付费广告,二线,新客
U00455,2024-05-23,付费广告,二线,新客
U00456,2024-08-17,付费广告,四线及以下,新客
U00457,2023-05-03,内容营销,一线,新客
U00458,2023-06-21,社交媒体,二线,新客
U00459,2023-02-13,社交媒体,二线,老客带新
U00460,2023-11-08,付费广告,二线,新客
U00461,2024-04-06,社交媒体,二线,新客
U00462,2024-07-09,社交媒体,一线,新客
U00463,2024-11-14,自然搜索,一线,新客
U00464,2024-04-06,社交媒体,一线,新客
U00465,2024-10-08,付费广告,四线及以下,新客
U00466,2023-08-03,口碑推荐,一线,新客
U00467,2023-08-03,付费广告,三线,新客
U00468,2024-12-16,内容营销,三线,新客
U00469,2023-03-05,自然搜索,三线,新客
U00470,2024-06-20,口碑推荐,四线及以下,新客
U00471,2024-07-13,社交媒体,一线,新客
U00472,2024-08-28,口碑推荐,一线,老客带新
U00473,2024-06-22,付费广告,二线,新客
U00474,2023-10-20,付费广告,一线,新客
U00475,2024-08-29,口碑推荐,三线,新客
U00476,2023-01-06,自然搜索,三线,新客
U00477,2023-09-10,自然搜索,四线及以下,新客
U00478,2024-01-28,社交媒体,一线,老客带新
U00479,2024-05-09,付费广告,四线及以下,新客
U00480,2024-01-23,付费广告,一线,老客带新
U00481,2023-09-24,付费广告,二线,新客
U00482,2024-03-21,付费广告,二线,新客
U00483,2024-10-07,口碑推荐,三线,新客
U00484,2024-12-02,社交媒体,二线,新客
U00485,2024-04-12,口碑推荐,四线及以下,新客
U00486,2023-04-02,内容营销,四线及以下,老客带新
U00487,2023-08-16,付费广告,四线及以下,新客
U00488,2023-03-22,自然搜索,一线,老客带新
U00489,2024-03-11,自然搜索,四线及以下,老客带新
U00490,2024-12-13,付费广告,三线,老客带新
U00491,2024-02-21,内容营销,一线,新客
U00492,2024-11-05,付费广告,一线,新客
U00493,2024-11-23,付费广告,一线,新客
U00494,2024-01-22,付费广告,一线,新客
U00495,2024-02-22,社交媒体,二线,新客
U00496,2024-12-10,社交媒体,四线及以下,新客
U00497,2023-07-03,自然搜索,二线,新客
U00498,2024-03-19,内容营销,二线,老客带新
U00499,2024-02-06,付费广告,四线及以下,老客带新
U00500,2024-03-24,自然搜索,一线,新客
U00501,2024-01-14,内容营销,四线及以下,新客
U00502,2023-06-03,自然搜索,二线,新客
U00503,2024-07-09,内容营销,二线,新客
U00504,2024-10-27,内容营销,二线,新客
U00505,2023-10-05,社交媒体,二线,新客
U00506,2024-05-02,口碑推荐,一线,新客
U00507,2024-10-18,付费广告,三线,新客
U00508,2023-12-22,内容营销,一线,新客
U00509,2024-05-08,付费广告,四线及以下,新客
U00510,2024-08-18,社交媒体,二线,老客带新
U00511,2023-04-11,内容营销,一线,新客
U00512,2023-03-11,内容营销,三线,新客
U00513,2024-01-14,口碑推荐,一线,新客
U00514,2024-02-29,付费广告,三线,新客
U00515,2024-03-18,内容营销,四线及以下,新客
U00516,2023-02-15,社交媒体,三线,新客
U00517,2023-08-07,内容营销,一线,新客
U00518,2024-05-07,社交媒体,二线,新客
U00519,2024-07-04,付费广告,三线,新客
U00520,2023-09-03,付费广告,三线,新客
U00521,2023-06-20,社交媒体,一线,新客
U00522,2023-02-27,口碑推荐,二线,新客
U00523,2024-12-18,付费广告,二线,新客
U00524,2024-01-02,社交媒体,一线,新客
U00525,2023-05-26,付费广告,二线,老客带新
U00526,2023-01-22,口碑推荐,二线,新客
U00527,2024-10-13,付费广告,三线,老客带新
U00528,2023-06-06,自然搜索,四线及以下,新客
U00529,2024-11-07,自然搜索,三线,老客带新
U00530,2023-04-12,自然搜索,二线,新客
U00531,2024-12-14,付费广告,一线,新客
U00532,2023-09-21,自然搜索,四线及以下,老客带新
U00533,2023-03-21,自然搜索,四线及以下,新客
U00534,2023-08-04,内容营销,四线及以下,新客
U00535,2023-04-25,内容营销,三线,新客
U00536,2023-06-02,付费广告,二线,新客
U00537,2024-08-21,内容营销,三线,新客
U00538,2023-11-01,自然搜索,二线,新客
U00539,2024-03-02,社交媒体,二线,老客带新
U00540,2024-10-09,社交媒体,三线,新客
U00541,2024-11-27,付费广告,一线,老客带新
U00542,2024-07-19,付费广告,一线,老客带新
U00543,2023-02-15,付费广告,二线,新客
U00544,2023-11-05,付费广告,二线,新客
U00545,2024-07-07,社交媒体,四线及以下,新客
U00546,2023-12-02,自然搜索,一线,新客
U00547,2023-06-26,自然搜索,一线,新客
U00548,2024-09-26,自然搜索,一线,新客
U00549,2024-07-14,付费广告,一线,新客
U00550,2023-01-21,付费广告,一线,新客
U00551,2024-05-07,自然搜索,三线,新客
U00552,2024-02-26,内容营销,二线,新客
U00553,2024-02-01,付费广告,三线,新客
U00554,2023-05-12,自然搜索,四线及以下,新客
U00555,2023-04-14,社交媒体,三线,新客
U00556,2023-10-31,自然搜索,一线,老客带新
U00557,2023-01-07,社交媒体,一线,新客
U00558,2024-06-18,社交媒体,四线及以下,新客
U00559,2023-10-03,自然搜索,二线,新客
U00560,2024-11-01,自然搜索,三线,老客带新
U00561,2023-11-29,付费广告,四线及以下,新客
U00562,2024-01-04,自然搜索,四线及以下,新客
U00563,2023-02-20,自然搜索,四线及以下,老客带新
U00564,2023-01-06,付费广告,二线,新客
U00565,2023-09-15,付费广告,二线,新客
U00566,2023-09-09,付费广告,四线及以下,新客
U00567,2024-03-20,社交媒体,二线,老客带新
U00568,2023-06-23,社交媒体,一线,新客
U00569,2023-03-19,自然搜索,三线,新客
U00570,2023-05-29,自然搜索,二线,新客
U00571,2023-12-15,内容营销,四线及以下,新客
U00572,2024-02-16,社交媒体,三线,新客
U00573,2024-12-02,内容营销,二线,新客
U00574,2023-08-31,付费广告,四线及以下,新客
U00575,2023-11-30,社交媒体,三线,新客
U00576,2023-03-03,付费广告,三线,新客
U00577,2023-08-21,付费广告,一线,新客
U00578,2023-08-10,付费广告,二线,新客
U00579,2023-09-03,付费广告,三线,新客
U00580,2024-02-23,自然搜索,一线,新客
U00581,2023-03-23,付费广告,一线,新客
U00582,2023-05-06,口碑推荐,三线,新客
U00583,2024-07-21,内容营销,二线,新客
U00584,2024-02-21,付费广告,二线,新客
U00585,2023-04-26,付费广告,一线,新客
U00586,2024-01-06,自然搜索,二线,新客
U00587,2024-06-02,社交媒体,三线,老客带新
U00588,2023-08-06,付费广告,一线,新客
U00589,2023-08-13,内容营销,一线,新客
U00590,2024-06-30,付费广告,三线,老客带新
U00591,2023-01-24,付费广告,四线及以下,新客
U00592,2024-02-26,社交媒体,三线,新客
U00593,2024-04-26,口碑推荐,一线,新客
U00594,2024-03-19,付费广告,二线,新客
U00595,2023-02-14,付费广告,四线及以下,新客
U00596,2024-08-31,内容营销,一线,新客
U00597,2023-08-18,自然搜索,三线,新客
U00598,2023-07-19,内容营销,二线,新客
U00599,2023-06-06,自然搜索,一线,新客
U00600,2023-03-09,口碑推荐,三线,老客带新
U00601,2024-07-02,社交媒体,三线,新客
U00602,2023-10-18,付费广告,三线,新客
U00603,2024-03-11,内容营销,一线,新客
U00604,2023-01-21,自然搜索,一线,新客
U00605,2023-07-27,自然搜索,二线,新客
U00606,2023-04-07,社交媒体,二线,新客
U00607,2023-01-06,付费广告,一线,新客
U00608,2024-10-23,社交媒体,一线,新客
U00609,2023-04-23,自然搜索,一线,新客
U00610,2023-02-10,自然搜索,四线及以下,新客
U00611,2023-05-28,自然搜索,三线,老客带新
U00612,2023-09-29,自然搜索,四线及以下,老客带新
U00613,2024-09-28,付费广告,一线,新客
U00614,2024-01-11,口碑推荐,四线及以下,新客
U00615,2023-04-14,内容营销,一线,新客
U00616,2024-12-11,口碑推荐,二线,新客
U00617,2024-12-06,自然搜索,三线,老客带新
U00618,2023-08-04,付费广告,二线,新客
U00619,2024-02-29,自然搜索,二线,新客
U00620,2023-12-10,付费广告,一线,老客带新
U00621,2023-02-27,付费广告,一线,老客带新
U00622,2024-07-13,自然搜索,三线,新客
U00623,2023-04-05,自然搜索,三线,新客
U00624,2023-11-24,内容营销,三线,新客
U00625,2023-05-21,付费广告,二线,新客
U00626,2023-11-07,付费广告,三线,新客
U00627,2023-08-05,自然搜索,一线,新客
U00628,2023-06-08,自然搜索,一线,新客
U00629,2024-11-06,内容营销,四线及以下,新客
U00630,2024-02-06,自然搜索,一线,新客
U00631,2023-12-23,付费广告,三线,新客
U00632,2024-01-04,自然搜索,一线,新客
U00633,2024-06-19,付费广告,三线,新客
U00634,2023-01-16,自然搜索,三线,新客
U00635,2023-08-27,口碑推荐,一线,新客
U00636,2023-11-09,口碑推荐,一线,新客
U00637,2023-12-01,口碑推荐,三线,新客
U00638,2024-03-30,付费广告,二线,新客
U00639,2023-05-25,口碑推荐,一线,新客
U00640,2023-05-09,付费广告,三线,新客
U00641,2023-10-15,付费广告,一线,新客
U00642,2023-09-20,社交媒体,四线及以下,新客
U00643,2024-07-08,自然搜索,二线,新客
U00644,2023-08-08,自然搜索,一线,新客
U00645,2024-10-03,社交媒体,三线,新客
U00646,2024-10-23,自然搜索,二线,老客带新
U00647,2024-01-31,社交媒体,一线,新客
U00648,2024-09-18,付费广告,二线,新客
U00649,2024-01-30,内容营销,一线,新客
U00650,2024-10-15,内容营销,一线,新客
U00651,2023-01-23,内容营销,一线,新客
U00652,2024-11-10,付费广告,二线,新客
U00653,2023-08-14,自然搜索,一线,新客
U00654,2024-09-07,付费广告,三线,新客
U00655,2023-09-19,自然搜索,三线,新客
U00656,2023-09-08,自然搜索,二线,老客带新
U00657,2024-08-18,社交媒体,三线,新客
U00658,2024-09-18,付费广告,三线,新客
U00659,2023-09-01,内容营销,二线,新客
U00660,2024-08-18,自然搜索,三线,新客
U00661,2023-11-03,付费广告,一线,新客
U00662,2023-02-07,自然搜索,四线及以下,新客
U00663,2024-06-21,内容营销,一线,新客
U00664,2023-02-27,口碑推荐,二线,新客
U00665,2024-05-06,口碑推荐,三线,新客
U00666,2023-12-24,内容营销,一线,新客
U00667,2024-07-16,付费广告,一线,新客
U00668,2024-12-16,付费广告,二线,新客
U00669,2023-07-20,付费广告,二线,老客带新
U00670,2023-06-21,社交媒体,三线,新客
U00671,2024-11-22,付费广告,三线,新客
U00672,2024-05-06,付费广告,一线,新客
U00673,2024-10-18,内容营销,一线,新客
U00674,2024-06-15,内容营销,三线,新客
U00675,2024-05-02,口碑推荐,二线,新客
U00676,2024-05-15,口碑推荐,三线,老客带新
U00677,2023-09-15,社交媒体,一线,新客
U00678,2024-08-15,自然搜索,二线,新客
U00679,2024-10-20,自然搜索,二线,新客
U00680,2023-08-16,社交媒体,二线,新客
U00681,2023-07-01,社交媒体,二线,新客
U00682,2024-01-19,自然搜索,二线,新客
U00683,2024-07-21,内容营销,二线,新客
U00684,2024-12-10,自然搜索,一线,新客
U00685,2024-05-08,付费广告,一线,老客带新
U00686,2024-04-03,社交媒体,二线,新客
U00687,2024-07-12,自然搜索,二线,老客带新
U00688,2023-01-15,自然搜索,二线,新客
U00689,2024-07-09,付费广告,二线,新客
U00690,2024-05-27,口碑推荐,三线,新客
U00691,2024-10-20,付费广告,四线及以下,新客
U00692,2024-05-13,社交媒体,一线,新客
U00693,2023-06-19,社交媒体,一线,新客
U00694,2023-04-02,自然搜索,一线,新客
U00695,2023-08-22,内容营销,三线,新客
U00696,2023-07-03,自然搜索,二线,新客
U00697,2023-10-08,内容营销,一线,新客
U00698,2024-07-08,付费广告,三线,新客
U00699,2023-02-28,内容营销,一线,新客
U00700,2023-01-24,自然搜索,二线,新客
U00701,2024-11-19,付费广告,二线,新客
U00702,2024-06-01,自然搜索,三线,新客
U00703,2023-07-31,自然搜索,一线,新客
U00704,2024-10-25,社交媒体,四线及以下,新客
U00705,2024-12-14,自然搜索,三线,新客
U00706,2023-08-21,社交媒体,一线,老客带新
U00707,2024-03-01,自然搜索,一线,老客带新
U00708,2023-03-21,付费广告,二线,新客
U00709,2023-01-29,口碑推荐,三线,老客带新
U00710,2024-03-04,付费广告,三线,新客
U00711,2023-02-03,社交媒体,二线,新客
U00712,2024-12-05,社交媒体,四线及以下,新客
U00713,2024-12-05,口碑推荐,一线,新客
U00714,2023-11-13,付费广告,一线,新客
U00715,2023-04-21,社交媒体,四线及以下,新客
U00716,2023-05-23,内容营销,三线,老客带新
U00717,2024-09-06,社交媒体,二线,新客
U00718,2024-11-07,付费广告,三线,新客
U00719,2024-06-01,社交媒体,四线及以下,新客
U00720,2023-10-05,社交媒体,三线,新客
U00721,2023-01-24,社交媒体,三线,新客
U00722,2024-09-11,自然搜索,三线,新客
U00723,2024-04-14,自然搜索,一线,老客带新
U00724,2023-04-29,口碑推荐,三线,新客
U00725,2024-05-27,付费广告,一线,新客
U00726,2023-01-16,社交媒体,四线及以下,新客
U00727,2023-05-21,付费广告,二线,新客
U00728,2023-11-07,付费广告,三线,老客带新
U00729,2023-02-03,自然搜索,二线,新客
U00730,2024-11-14,自然搜索,一线,新客
U00731,2023-12-17,内容营销,一线,新客
U00732,2023-05-06,内容营销,四线及以下,新客
U00733,2023-06-09,社交媒体,四线及以下,新客
U00734,2023-02-21,付费广告,二线,新客
U00735,2023-11-30,社交媒体,四线及以下,新客
U00736,2024-08-19,社交媒体,三线,新客
U00737,2024-10-04,社交媒体,三线,新客
U00738,2024-12-08,自然搜索,一线,新客
U00739,2023-10-22,社交媒体,四线及以下,新客
U00740,2024-02-18,口碑推荐,二线,新客
U00741,2024-05-13,内容营销,四线及以下,老客带新
U00742,2024-07-11,自然搜索,三线,新客
U00743,2024-02-04,社交媒体,三线,新客
U00744,2023-08-01,社交媒体,三线,新客
U00745,2024-01-21,付费广告,一线,新客
U00746,2023-07-09,自然搜索,二线,新客
U00747,2024-10-14,付费广告,二线,新客
U00748,2023-11-11,付费广告,一线,新客
U00749,2023-04-27,付费广告,二线,新客
U00750,2023-12-29,社交媒体,三线,新客
U00751,2024-10-27,社交媒体,四线及以下,老客带新
U00752,2023-11-03,社交媒体,一线,新客
U00753,2024-06-15,内容营销,二线,新客
U00754,2023-10-02,付费广告,一线,老客带新
U00755,2023-09-04,自然搜索,一线,新客
U00756,2023-02-17,社交媒体,一线,新客
U00757,2023-05-26,自然搜索,三线,新客
U00758,2023-06-26,付费广告,一线,新客
U00759,2023-12-20,自然搜索,三线,新客
U00760,2024-09-02,自然搜索,一线,新客
U00761,2024-10-13,口碑推荐,四线及以下,新客
U00762,2023-06-27,付费广告,三线,新客
U00763,2023-08-01,付费广告,四线及以下,新客
U00764,2023-12-10,自然搜索,四线及以下,新客
U00765,2024-08-30,社交媒体,四线及以下,新客
U00766,2023-10-11,付费广告,四线及以下,新客
U00767,2024-05-21,社交媒体,三线,新客
U00768,2024-09-20,付费广告,一线,新客
U00769,2024-01-28,自然搜索,一线,新客
U00770,2024-10-03,付费广告,一线,新客
U00771,2023-01-20,自然搜索,三线,新客
U00772,2024-08-27,付费广告,二线,新客
U00773,2024-07-20,付费广告,四线及以下,新客
U00774,2024-09-03,内容营销,四线及以下,新客
U00775,2023-08-10,自然搜索,二线,新客
U00776,2023-04-18,社交媒体,二线,新客
U00777,2023-07-08,自然搜索,四线及以下,新客
U00778,2023-03-24,付费广告,一线,新客
U00779,2023-02-23,付费广告,三线,新客
U00780,2024-03-20,内容营销,一线,新客
U00781,2024-10-14,自然搜索,三线,新客
U00782,2023-05-25,自然搜索,一线,老客带新
U00783,2023-01-27,付费广告,四线及以下,新客
U00784,2023-04-16,自然搜索,二线,新客
U00785,2024-08-12,自然搜索,一线,新客
U00786,2023-03-22,社交媒体,一线,新客
U00787,2023-11-14,自然搜索,二线,新客
U00788,2024-01-07,自然搜索,四线及以下,新客
U00789,2023-02-09,社交媒体,三线,新客
U00790,2023-02-21,付费广告,二线,新客
U00791,2023-09-07,自然搜索,二线,新客
U00792,2023-08-16,付费广告,二线,新客
U00793,2023-01-26,社交媒体,三线,老客带新
U00794,2023-11-05,付费广告,三线,新客
U00795,2023-10-23,付费广告,二线,老客带新
U00796,2023-07-03,自然搜索,三线,新客
U00797,2023-03-20,社交媒体,三线,老客带新
U00798,2023-05-13,付费广告,四线及以下,新客
U00799,2023-12-16,社交媒体,四线及以下,新客
U00800,2023-06-02,口碑推荐,三线,新客
U00801,2023-12-16,社交媒体,三线,老客带新
U00802,2023-05-13,付费广告,一线,新客
U00803,2024-05-12,付费广告,三线,新客
U00804,2023-10-23,付费广告,二线,老客带新
U00805,2024-11-08,自然搜索,一线,新客
U00806,2024-03-08,自然搜索,二线,新客
U00807,2024-04-19,口碑推荐,三线,老客带新
U00808,2024-07-02,付费广告,一线,新客
U00809,2024-09-09,付费广告,二线,新客
U00810,2024-10-27,社交媒体,二线,新客
U00811,2024-10-08,社交媒体,一线,新客
U00812,2023-06-08,自然搜索,一线,新客
U00813,2024-06-19,口碑推荐,三线,老客带新
U00814,2023-12-12,自然搜索,三线,新客
U00815,2023-09-11,社交媒体,一线,新客
U00816,2024-03-06,口碑推荐,四线及以下,新客
U00817,2024-04-02,社交媒体,三线,新客
U00818,2024-05-18,社交媒体,二线,新客
U00819,2024-09-14,自然搜索,三线,新客
U00820,2023-07-14,付费广告,四线及以下,新客
U00821,2024-03-17,社交媒体,二线,新客
U00822,2023-07-09,付费广告,一线,新客
U00823,2024-07-10,内容营销,四线及以下,新客
U00824,2023-08-17,付费广告,三线,新客
U00825,2024-11-09,付费广告,一线,新客
U00826,2024-07-31,付费广告,二线,新客
U00827,2023-03-20,付费广告,二线,新客
U00828,2023-10-05,社交媒体,四线及以下,新客
U00829,2024-05-09,社交媒体,二线,新客
U00830,2024-11-24,社交媒体,一线,新客
U00831,2023-12-25,口碑推荐,三线,新客
U00832,2023-12-29,内容营销,二线,新客
U00833,2023-03-07,口碑推荐,一线,新客
U00834,2023-11-05,自然搜索,二线,新客
U00835,2024-11-14,社交媒体,三线,新客
U00836,2023-12-04,自然搜索,一线,新客
U00837,2024-03-20,自然搜索,三线,新客
U00838,2024-04-29,社交媒体,二线,老客带新
U00839,2024-10-17,付费广告,一线,新客
U00840,2024-01-14,自然搜索,二线,老客带新
U00841,2023-01-17,自然搜索,二线,新客
U00842,2024-01-06,自然搜索,三线,新客
U00843,2023-11-29,内容营销,一线,新客
U00844,2024-10-25,自然搜索,三线,新客
U00845,2023-09-30,自然搜索,一线,新客
U00846,2024-11-04,付费广告,四线及以下,新客
U00847,2024-01-14,付费广告,三线,新客
U00848,2023-03-29,内容营销,三线,新客
U00849,2023-07-14,自然搜索,一线,新客
U00850,2024-08-10,付费广告,二线,新客
U00851,2024-09-04,社交媒体,一线,新客
U00852,2024-04-19,内容营销,四线及以下,新客
U00853,2023-12-12,社交媒体,二线,老客带新
U00854,2023-10-23,口碑推荐,三线,新客
U00855,2023-07-20,自然搜索,三线,新客
U00856,2023-05-02,付费广告,二线,新客
U00857,2024-04-28,付费广告,三线,老客带新
U00858,2024-01-10,内容营销,三线,新客
U00859,2024-12-09,自然搜索,三线,新客
U00860,2023-04-19,自然搜索,二线,新客
U00861,2023-05-26,付费广告,二线,新客
U00862,2024-03-27,自然搜索,一线,新客
U00863,2024-09-06,自然搜索,三线,新客
U00864,2024-03-05,内容营销,三线,老客带新
U00865,2024-03-13,付费广告,二线,新客
U00866,2024-11-25,社交媒体,四线及以下,新客
U00867,2023-12-24,社交媒体,一线,新客
U00868,2023-05-06,付费广告,四线及以下,新客
U00869,2023-11-25,自然搜索,四线及以下,新客
U00870,2023-06-07,自然搜索,四线及以下,新客
U00871,2024-12-05,付费广告,三线,新客
U00872,2024-12-02,社交媒体,二线,新客
U00873,2023-12-29,付费广告,一线,新客
U00874,2023-07-20,自然搜索,三线,新客
U00875,2023-04-28,付费广告,二线,新客
U00876,2023-08-19,内容营销,一线,新客
U00877,2024-10-13,口碑推荐,三线,老客带新
U00878,2024-07-07,口碑推荐,二线,新客
U00879,2024-02-05,口碑推荐,四线及以下,新客
U00880,2023-10-30,付费广告,三线,老客带新
U00881,2023-09-15,口碑推荐,三线,新客
U00882,2023-03-26,自然搜索,三线,老客带新
U00883,2023-06-05,社交媒体,四线及以下,新客
U00884,2023-05-23,社交媒体,三线,新客
U00885,2024-03-19,自然搜索,三线,新客
U00886,2024-05-04,口碑推荐,一线,老客带新
U00887,2023-03-22,内容营销,四线及以下,新客
U00888,2024-05-22,付费广告,三线,老客带新
U00889,2023-10-01,口碑推荐,二线,新客
U00890,2024-06-12,自然搜索,一线,新客
U00891,2024-05-19,社交媒体,三线,新客
U00892,2023-03-05,付费广告,一线,新客
U00893,2023-06-13,付费广告,四线及以下,老客带新
U00894,2024-12-06,内容营销,四线及以下,老客带新
U00895,2023-09-02,内容营销,一线,新客
U00896,2024-01-31,口碑推荐,三线,新客
U00897,2023-02-11,付费广告,一线,新客
U00898,2023-09-22,内容营销,三线,新客
U00899,2023-03-29,自然搜索,二线,新客
U00900,2023-09-01,内容营销,三线,新客
U00901,2023-02-12,付费广告,二线,新客
U00902,2023-10-07,自然搜索,一线,新客
U00903,2024-03-04,社交媒体,二线,新客
U00904,2023-05-12,自然搜索,一线,新客
U00905,2023-02-24,自然搜索,二线,新客
U00906,2024-03-02,付费广告,一线,新客
U00907,2023-08-26,自然搜索,二线,新客
U00908,2023-05-17,自然搜索,四线及以下,新客
U00909,2024-05-31,自然搜索,三线,新客
U00910,2023-05-29,付费广告,四线及以下,新客
U00911,2024-04-08,自然搜索,四线及以下,新客
U00912,2023-05-14,社交媒体,一线,老客带新
U00913,2024-05-13,自然搜索,一线,新客
U00914,2023-08-12,内容营销,二线,新客
U00915,2024-07-20,内容营销,四线及以下,新客
U00916,2023-03-26,付费广告,四线及以下,新客
U00917,2023-08-01,口碑推荐,一线,新客
U00918,2023-08-26,口碑推荐,二线,新客
U00919,2024-01-09,内容营销,一线,新客
U00920,2023-01-07,社交媒体,三线,新客
U00921,2024-12-10,自然搜索,三线,新客
U00922,2024-04-03,社交媒体,一线,新客
U00923,2023-01-28,社交媒体,二线,新客
U00924,2024-04-04,社交媒体,三线,老客带新
U00925,2024-01-07,付费广告,三线,新客
U00926,2024-01-21,内容营销,一线,新客
U00927,2024-09-02,内容营销,四线及以下,新客
U00928,2023-04-28,自然搜索,二线,老客带新
U00929,2023-06-28,自然搜索,三线,新客
U00930,2023-07-05,自然搜索,三线,新客
U00931,2023-11-10,口碑推荐,一线,新客
U00932,2024-07-17,社交媒体,一线,新客
U00933,2023-10-08,社交媒体,三线,新客
U00934,2023-11-18,付费广告,一线,新客
U00935,2023-07-18,社交媒体,三线,新客
U00936,2023-04-03,付费广告,三线,新客
U00937,2024-02-08,付费广告,三线,新客
U00938,2023-12-04,口碑推荐,一线,新客
U00939,2023-02-13,内容营销,二线,新客
U00940,2024-02-22,内容营销,三线,新客
U00941,2024-05-04,内容营销,一线,新客
U00942,2024-05-03,付费广告,三线,新客
U00943,2023-02-28,付费广告,三线,新客
U00944,2024-12-04,社交媒体,二线,新客
U00945,2023-03-18,内容营销,三线,新客
U00946,2023-06-19,自然搜索,一线,新客
U00947,2023-07-10,付费广告,二线,新客
U00948,2023-08-31,自然搜索,四线及以下,新客
U00949,2024-03-01,社交媒体,四线及以下,新客
U00950,2024-09-26,付费广告,二线,新客
U00951,2024-07-28,付费广告,四线及以下,新客
U00952,2024-05-29,自然搜索,二线,新客
U00953,2024-05-07,付费广告,一线,新客
U00954,2024-10-09,内容营销,一线,老客带新
U00955,2023-10-20,自然搜索,四线及以下,新客
U00956,2023-01-23,社交媒体,一线,新客
U00957,2024-12-18,社交媒体,二线,新客
U00958,2024-06-12,内容营销,二线,新客
U00959,2024-02-10,自然搜索,三线,老客带新
U00960,2023-12-01,内容营销,二线,新客
U00961,2023-03-22,社交媒体,一线,新客
U00962,2023-12-04,内容营销,一线,新客
U00963,2023-10-29,内容营销,三线,新客
U00964,2023-06-15,自然搜索,三线,新客
U00965,2024-03-15,自然搜索,二线,老客带新
U00966,2023-11-23,付费广告,三线,新客
U00967,2024-11-17,付费广告,一线,新客
U00968,2023-02-14,自然搜索,四线及以下,新客
U00969,2023-02-04,自然搜索,二线,新客
U00970,2024-04-28,付费广告,一线,老客带新
U00971,2024-01-05,自然搜索,二线,新客
U00972,2023-07-15,自然搜索,三线,新客
U00973,2024-11-02,付费广告,四线及以下,新客
U00974,2024-07-26,自然搜索,一线,新客
U00975,2024-03-10,付费广告,三线,新客
U00976,2024-08-15,付费广告,一线,新客
U00977,2023-11-24,付费广告,一线,新客
U00978,2023-03-19,内容营销,二线,新客
U00979,2023-12-21,付费广告,三线,新客
U00980,2024-09-07,付费广告,三线,新客
U00981,2024-03-31,付费广告,二线,新客
U00982,2024-07-30,口碑推荐,一线,新客
U00983,2024-07-19,内容营销,二线,新客
U00984,2023-05-04,内容营销,一线,新客
U00985,2023-01-27,社交媒体,一线,新客
U00986,2023-06-15,自然搜索,二线,新客
U00987,2023-02-03,付费广告,二线,新客
U00988,2024-05-20,自然搜索,一线,新客
U00989,2024-12-03,内容营销,二线,老客带新
U00990,2024-06-09,社交媒体,一线,新客
U00991,2023-12-13,社交媒体,一线,新客
U00992,2023-08-27,付费广告,三线,老客带新
U00993,2024-02-20,口碑推荐,一线,新客
U00994,2024-05-16,付费广告,三线,新客
U00995,2023-08-14,自然搜索,一线,老客带新
U00996,2024-02-13,付费广告,二线,新客
U00997,2024-07-31,社交媒体,一线,新客
U00998,2023-03-14,付费广告,一线,老客带新
U00999,2024-09-16,内容营销,二线,新客
U01000,2023-03-22,自然搜索,四线及以下,老客带新
U01001,2024-02-10,社交媒体,一线,新客
U01002,2024-02-02,付费广告,二线,新客
U01003,2024-05-07,付费广告,三线,新客
U01004,2024-07-28,口碑推荐,二线,老客带新
U01005,2023-09-04,口碑推荐,三线,新客
U01006,2024-04-20,社交媒体,一线,新客
U01007,2024-10-14,内容营销,四线及以下,新客
U01008,2024-09-13,社交媒体,二线,新客
U01009,2023-02-24,自然搜索,二线,新客
U01010,2023-08-10,社交媒体,四线及以下,老客带新
U01011,2024-01-13,付费广告,二线,新客
U01012,2023-08-20,自然搜索,二线,新客
U01013,2024-06-12,自然搜索,三线,新客
U01014,2024-02-10,社交媒体,二线,新客
U01015,2023-06-11,社交媒体,一线,新客
U01016,2024-01-21,自然搜索,三线,新客
U01017,2023-01-29,社交媒体,一线,新客
U01018,2023-06-09,内容营销,三线,新客
U01019,2023-08-10,自然搜索,四线及以下,新客
U01020,2024-10-11,自然搜索,二线,新客
U01021,2024-11-30,口碑推荐,二线,新客
U01022,2024-05-07,付费广告,一线,新客
U01023,2024-02-10,社交媒体,一线,新客
U01024,2024-04-17,自然搜索,四线及以下,新客
U01025,2024-10-20,付费广告,一线,新客
U01026,2024-07-25,社交媒体,二线,新客
U01027,2023-10-06,社交媒体,三线,新客
U01028,2024-06-22,口碑推荐,四线及以下,新客
U01029,2023-01-03,内容营销,二线,新客
U01030,2023-01-02,口碑推荐,二线,新客
U01031,2023-09-11,社交媒体,三线,新客
U01032,2023-01-14,自然搜索,四线及以下,新客
U01033,2024-08-19,付费广告,三线,新客
U01034,2024-09-29,自然搜索,二线,新客
U01035,2023-02-06,口碑推荐,一线,新客
U01036,2023-07-26,付费广告,一线,老客带新
U01037,2024-02-21,社交媒体,二线,老客带新
U01038,2024-06-09,付费广告,四线及以下,新客
U01039,2023-02-10,口碑推荐,四线及以下,新客
U01040,2024-11-03,内容营销,四线及以下,新客
U01041,2024-05-03,付费广告,二线,新客
U01042,2023-10-31,内容营销,三线,新客
U01043,2023-06-09,付费广告,三线,老客带新
U01044,2023-06-09,付费广告,三线,新客
U01045,2023-07-09,内容营销,二线,老客带新
U01046,2024-06-06,付费广告,二线,新客
U01047,2023-08-07,内容营销,四线及以下,新客
U01048,2024-06-22,自然搜索,一线,新客
U01049,2024-08-08,自然搜索,四线及以下,老客带新
U01050,2023-07-11,内容营销,一线,新客
U01051,2024-08-09,自然搜索,三线,新客
U01052,2023-04-07,内容营销,三线,新客
U01053,2024-10-18,内容营销,三线,新客
U01054,2023-03-11,自然搜索,二线,新客
U01055,2023-10-12,付费广告,四线及以下,新客
U01056,2023-11-15,自然搜索,三线,新客
U01057,2024-10-04,付费广告,一线,新客
U01058,2024-11-03,自然搜索,三线,新客
U01059,2024-01-21,自然搜索,一线,新客
U01060,2024-01-15,付费广告,一线,新客
U01061,2024-07-17,付费广告,二线,新客
U01062,2024-01-30,内容营销,四线及以下,新客
U01063,2024-01-04,口碑推荐,二线,老客带新
U01064,2024-11-12,社交媒体,三线,老客带新
U01065,2024-11-10,付费广告,二线,新客
U01066,2023-12-15,口碑推荐,一线,新客
U01067,2023-06-18,付费广告,四线及以下,新客
U01068,2024-07-16,社交媒体,三线,新客
U01069,2023-05-25,内容营销,四线及以下,新客
U01070,2023-09-25,付费广告,一线,新客
U01071,2023-03-30,社交媒体,一线,新客
U01072,2023-10-17,口碑推荐,四线及以下,新客
U01073,2023-03-24,内容营销,三线,新客
U01074,2024-02-26,社交媒体,一线,新客
U01075,2023-07-12,付费广告,一线,新客
U01076,2024-05-16,付费广告,三线,新客
U01077,2024-12-11,自然搜索,二线,新客
U01078,2023-05-05,口碑推荐,三线,老客带新
U01079,2023-12-17,自然搜索,二线,新客
U01080,2024-12-09,内容营销,二线,新客
U01081,2024-05-14,自然搜索,四线及以下,新客
U01082,2023-09-02,自然搜索,一线,新客
U01083,2024-08-25,付费广告,二线,新客
U01084,2023-04-03,社交媒体,三线,新客
U01085,2024-02-27,自然搜索,一线,新客
U01086,2023-04-07,付费广告,二线,新客
U01087,2023-07-10,付费广告,三线,新客
U01088,2024-07-13,自然搜索,二线,新客
U01089,2024-10-04,自然搜索,二线,新客
U01090,2023-03-15,口碑推荐,二线,老客带新
U01091,2024-06-02,付费广告,二线,新客
U01092,2024-09-07,自然搜索,三线,新客
U01093,2023-01-04,口碑推荐,三线,新客
U01094,2023-08-03,内容营销,一线,新客
U01095,2024-04-18,社交媒体,三线,新客
U01096,2023-10-10,付费广告,四线及以下,新客
U01097,2024-02-09,内容营销,二线,新客
U01098,2023-02-23,内容营销,三线,新客
U01099,2023-05-06,口碑推荐,二线,新客
U01100,2023-06-13,付费广告,四线及以下,新客
U01101,2023-09-20,社交媒体,四线及以下,新客
U01102,2024-03-10,社交媒体,一线,新客
U01103,2024-11-28,自然搜索,二线,新客
U01104,2024-07-26,付费广告,二线,新客
U01105,2023-07-06,口碑推荐,二线,老客带新
U01106,2024-05-22,社交媒体,一线,新客
U01107,2023-02-03,付费广告,三线,新客
U01108,2023-05-06,社交媒体,一线,老客带新
U01109,2023-01-09,自然搜索,二线,新客
U01110,2023-12-21,付费广告,三线,新客
U01111,2023-04-14,口碑推荐,一线,新客
U01112,2024-11-06,自然搜索,四线及以下,新客
U01113,2023-11-07,自然搜索,三线,新客
U01114,2023-03-24,内容营销,二线,新客
U01115,2024-02-11,自然搜索,二线,新客
U01116,2023-10-08,付费广告,一线,新客
U01117,2023-12-06,内容营销,三线,新客
U01118,2023-01-06,社交媒体,一线,新客
U01119,2024-08-01,社交媒体,三线,新客
U01120,2023-11-09,内容营销,三线,新客
U01121,2023-01-26,自然搜索,一线,新客
U01122,2024-10-12,社交媒体,四线及以下,新客
U01123,2023-11-02,付费广告,一线,新客
U01124,2024-03-01,口碑推荐,四线及以下,老客带新
U01125,2023-12-02,付费广告,一线,新客
U01126,2024-05-12,社交媒体,三线,新客
U01127,2024-12-03,付费广告,一线,老客带新
U01128,2024-12-19,付费广告,三线,新客
U01129,2024-03-11,口碑推荐,二线,新客
U01130,2023-06-12,社交媒体,一线,新客
U01131,2024-08-11,社交媒体,二线,新客
U01132,2024-01-28,付费广告,二线,新客
U01133,2023-09-03,付费广告,三线,新客
U01134,2024-08-19,社交媒体,四线及以下,新客
U01135,2023-01-24,口碑推荐,二线,新客
U01136,2023-03-08,社交媒体,一线,新客
U01137,2023-05-22,内容营销,一线,新客
U01138,2023-05-02,口碑推荐,二线,新客
U01139,2024-05-14,社交媒体,二线,新客
U01140,2024-02-07,社交媒体,二线,新客
U01141,2023-10-18,内容营销,一线,新客
U01142,2024-09-10,社交媒体,二线,新客
U01143,2024-12-18,口碑推荐,四线及以下,新客
U01144,2023-10-30,社交媒体,一线,新客
U01145,2024-06-19,社交媒体,二线,新客
U01146,2023-07-24,自然搜索,三线,新客
U01147,2024-03-07,付费广告,三线,老客带新
U01148,2024-06-17,内容营销,二线,老客带新
U01149,2023-12-03,社交媒体,三线,新客
U01150,2024-08-16,社交媒体,四线及以下,新客
U01151,2024-01-16,内容营销,一线,新客
U01152,2024-04-13,社交媒体,二线,新客
U01153,2023-10-26,付费广告,一线,新客
U01154,2024-10-30,口碑推荐,二线,老客带新
U01155,2024-06-15,社交媒体,二线,新客
U01156,2023-01-24,自然搜索,三线,新客
U01157,2023-08-05,付费广告,一线,新客
U01158,2023-05-16,付费广告,二线,新客
U01159,2024-10-07,付费广告,二线,新客
U01160,2023-02-01,付费广告,二线,新客
U01161,2024-11-14,付费广告,三线,新客
U01162,2023-11-07,自然搜索,二线,新客
U01163,2024-06-12,付费广告,四线及以下,新客
U01164,2024-05-21,自然搜索,二线,新客
U01165,2023-08-14,社交媒体,二线,新客
U01166,2023-08-16,内容营销,三线,新客
U01167,2023-12-24,社交媒体,一线,新客
U01168,2023-08-24,付费广告,一线,新客
U01169,2024-01-30,自然搜索,三线,新客
U01170,2023-01-02,自然搜索,二线,新客
U01171,2024-07-10,付费广告,四线及以下,新客
U01172,2024-02-16,自然搜索,四线及以下,新客
U01173,2024-03-31,付费广告,二线,新客
U01174,2023-09-24,自然搜索,二线,老客带新
U01175,2023-02-18,口碑推荐,二线,新客
U01176,2023-06-09,付费广告,二线,新客
U01177,2023-01-10,自然搜索,三线,新客
U01178,2024-04-08,口碑推荐,三线,新客
U01179,2023-09-19,付费广告,二线,新客
U01180,2024-01-05,自然搜索,一线,新客
U01181,2023-11-01,社交媒体,二线,新客
U01182,2023-02-06,社交媒体,一线,新客
U01183,2024-01-30,社交媒体,三线,老客带新
U01184,2023-06-19,自然搜索,一线,新客
U01185,2023-06-02,付费广告,三线,新客
U01186,2024-06-07,付费广告,三线,新客
U01187,2023-09-21,自然搜索,三线,新客
U01188,2024-07-07,内容营销,二线,新客
U01189,2023-10-29,社交媒体,三线,新客
U01190,2024-12-13,付费广告,三线,新客
U01191,2023-07-25,社交媒体,三线,新客
U01192,2024-09-07,自然搜索,二线,新客
U01193,2023-01-13,内容营销,二线,新客
U01194,2023-07-15,自然搜索,三线,新客
U01195,2024-09-11,自然搜索,一线,新客
U01196,2023-01-18,付费广告,二线,老客带新
U01197,2024-04-28,社交媒体,四线及以下,新客
U01198,2023-12-03,社交媒体,一线,新客
U01199,2023-10-31,自然搜索,二线,新客
U01200,2023-08-13,付费广告,二线,新客
U01201,2024-02-05,付费广告,三线,新客
U01202,2023-02-14,自然搜索,一线,老客带新
U01203,2023-09-01,内容营销,三线,新客
U01204,2024-09-18,自然搜索,一线,新客
U01205,2023-08-15,付费广告,一线,新客
U01206,2023-02-06,社交媒体,三线,新客
U01207,2024-09-18,付费广告,二线,新客
U01208,2023-12-02,社交媒体,四线及以下,新客
U01209,2023-02-16,口碑推荐,一线,新客
U01210,2023-05-16,自然搜索,二线,老客带新
U01211,2023-12-01,内容营销,一线,新客
U01212,2024-03-07,社交媒体,二线,新客
U01213,2024-04-18,付费广告,四线及以下,老客带新
U01214,2023-06-14,付费广告,四线及以下,新客
U01215,2024-06-06,付费广告,一线,新客
U01216,2023-11-10,社交媒体,二线,新客
U01217,2024-09-15,口碑推荐,三线,新客
U01218,2023-11-20,口碑推荐,一线,老客带新
U01219,2024-04-10,内容营销,一线,老客带新
U01220,2024-09-20,口碑推荐,四线及以下,老客带新
U01221,2024-03-21,社交媒体,四线及以下,新客
U01222,2023-04-12,付费广告,四线及以下,新客
U01223,2024-07-09,付费广告,三线,老客带新
U01224,2023-04-22,自然搜索,三线,老客带新
U01225,2024-01-18,社交媒体,二线,新客
U01226,2024-06-26,付费广告,一线,新客
U01227,2024-01-30,自然搜索,一线,新客
U01228,2024-04-16,自然搜索,三线,新客
U01229,2024-08-07,付费广告,三线,新客
U01230,2024-03-24,社交媒体,三线,老客带新
U01231,2023-03-10,付费广告,四线及以下,老客带新
U01232,2024-04-05,社交媒体,四线及以下,新客
U01233,2023-04-19,付费广告,四线及以下,新客
U01234,2023-02-17,社交媒体,一线,新客
U01235,2023-12-31,自然搜索,三线,新客
U01236,2023-11-04,自然搜索,二线,新客
U01237,2023-12-07,社交媒体,一线,新客
U01238,2023-07-13,付费广告,四线及以下,老客带新
U01239,2023-07-24,自然搜索,四线及以下,老客带新
U01240,2024-05-05,付费广告,一线,新客
U01241,2023-10-22,自然搜索,一线,新客
U01242,2023-04-21,付费广告,三线,老客带新
U01243,2023-04-23,付费广告,三线,新客
U01244,2023-07-22,社交媒体,四线及以下,新客
U01245,2023-01-13,口碑推荐,一线,新客
U01246,2024-12-04,付费广告,一线,新客
U01247,2023-10-13,内容营销,一线,新客
U01248,2024-01-19,付费广告,一线,新客
U01249,2024-10-14,社交媒体,一线,老客带新
U01250,2024-09-14,社交媒体,四线及以下,新客
U01251,2023-09-24,社交媒体,二线,老客带新
U01252,2023-09-13,付费广告,二线,老客带新
U01253,2023-10-22,付费广告,一线,新客
U01254,2023-10-06,自然搜索,一线,新客
U01255,2024-12-07,自然搜索,三线,新客
U01256,2024-05-21,付费广告,三线,新客
U01257,2023-05-05,付费广告,三线,新客
U01258,2024-06-18,付费广告,二线,新客
U01259,2024-06-28,自然搜索,二线,新客
U01260,2023-07-10,社交媒体,二线,新客
U01261,2024-06-13,内容营销,二线,老客带新
U01262,2023-04-11,内容营销,三线,新客
U01263,2023-01-24,付费广告,一线,新客
U01264,2024-05-30,社交媒体,三线,新客
U01265,2024-03-13,内容营销,一线,新客
U01266,2023-03-14,付费广告,三线,新客
U01267,2023-02-01,付费广告,四线及以下,新客
U01268,2024-11-12,内容营销,三线,新客
U01269,2024-05-17,付费广告,二线,新客
U01270,2024-03-31,付费广告,四线及以下,新客
U01271,2024-02-28,自然搜索,三线,新客
U01272,2023-07-11,自然搜索,一线,新客
U01273,2023-10-07,口碑推荐,一线,新客
U01274,2024-02-08,社交媒体,三线,老客带新
U01275,2023-02-03,付费广告,三线,新客
U01276,2023-07-21,自然搜索,二线,老客带新
U01277,2024-05-28,社交媒体,二线,新客
U01278,2023-10-20,社交媒体,四线及以下,新客
U01279,2023-07-09,自然搜索,一线,新客
U01280,2024-05-06,内容营销,二线,新客
U01281,2023-07-24,自然搜索,一线,新客
U01282,2024-02-14,付费广告,三线,老客带新
U01283,2023-04-27,社交媒体,一线,新客
U01284,2023-06-10,付费广告,三线,老客带新
U01285,2023-07-13,口碑推荐,一线,新客
U01286,2024-01-30,社交媒体,三线,新客
U01287,2023-08-04,口碑推荐,三线,老客带新
U01288,2023-01-05,自然搜索,二线,新客
U01289,2023-03-11,自然搜索,二线,新客
U01290,2023-07-31,付费广告,二线,老客带新
U01291,2023-06-09,付费广告,二线,新客
U01292,2023-07-04,社交媒体,三线,新客
U01293,2024-01-13,口碑推荐,一线,老客带新
U01294,2023-02-28,社交媒体,三线,新客
U01295,2023-05-13,内容营销,一线,老客带新
U01296,2024-08-31,社交媒体,一线,新客
U01297,2023-06-08,付费广告,二线,新客
U01298,2024-05-28,付费广告,二线,新客
U01299,2024-10-04,社交媒体,二线,新客
U01300,2023-03-24,自然搜索,三线,新客
U01301,2023-06-02,自然搜索,一线,新客
U01302,2024-11-03,付费广告,一线,新客
U01303,2023-02-06,口碑推荐,三线,新客
U01304,2024-04-28,自然搜索,三线,新客
U01305,2023-02-23,口碑推荐,一线,新客
U01306,2024-08-01,口碑推荐,三线,新客
U01307,2024-10-04,付费广告,二线,新客
U01308,2023-04-06,自然搜索,三线,新客
U01309,2024-01-11,自然搜索,四线及以下,新客
U01310,2024-11-07,社交媒体,四线及以下,新客
U01311,2023-10-23,社交媒体,三线,新客
U01312,2024-11-07,内容营销,一线,新客
U01313,2023-12-14,社交媒体,三线,新客
U01314,2024-04-07,自然搜索,二线,新客
U01315,2023-08-19,自然搜索,一线,老客带新
U01316,2023-03-18,社交媒体,二线,老客带新
U01317,2024-01-19,自然搜索,四线及以下,新客
U01318,2024-07-02,付费广告,四线及以下,新客
U01319,2024-09-27,付费广告,一线,老客带新
U01320,2024-08-01,自然搜索,三线,新客
U01321,2024-12-03,自然搜索,三线,新客
U01322,2023-01-26,付费广告,一线,新客
U01323,2024-09-12,付费广告,二线,新客
U01324,2023-06-22,自然搜索,三线,新客
U01325,2024-06-02,社交媒体,二线,新客
U01326,2023-07-01,口碑推荐,一线,新客
U01327,2024-09-08,付费广告,三线,新客
U01328,2023-12-03,口碑推荐,四线及以下,老客带新
U01329,2024-07-26,付费广告,三线,新客
U01330,2024-01-30,付费广告,三线,新客
U01331,2023-01-24,内容营销,二线,新客
U01332,2024-06-07,社交媒体,一线,新客
U01333,2023-02-09,口碑推荐,三线,新客
U01334,2024-08-25,自然搜索,二线,新客
U01335,2023-08-30,自然搜索,四线及以下,新客
U01336,2023-10-31,内容营销,一线,新客
U01337,2024-08-16,付费广告,二线,新客
U01338,2023-04-19,付费广告,二线,新客
U01339,2024-10-28,社交媒体,四线及以下,新客
U01340,2023-03-24,口碑推荐,一线,新客
U01341,2023-11-12,内容营销,一线,新客
U01342,2024-10-20,付费广告,一线,新客
U01343,2023-05-21,内容营销,三线,新客
U01344,2023-10-10,自然搜索,一线,新客
U01345,2024-03-13,自然搜索,一线,新客
U01346,2023-10-04,社交媒体,一线,新客
U01347,2024-06-07,自然搜索,三线,老客带新
U01348,2023-03-26,付费广告,一线,老客带新
U01349,2023-10-12,社交媒体,二线,新客
U01350,2023-06-03,付费广告,一线,新客
U01351,2024-04-02,自然搜索,二线,新客
U01352,2024-08-07,付费广告,三线,新客
U01353,2023-09-13,付费广告,二线,新客
U01354,2024-08-26,付费广告,四线及以下,新客
U01355,2023-02-27,口碑推荐,四线及以下,新客
U01356,2023-02-03,口碑推荐,二线,新客
U01357,2024-06-08,付费广告,三线,新客
U01358,2024-08-11,口碑推荐,三线,新客
U01359,2023-10-23,自然搜索,四线及以下,新客
U01360,2023-02-25,付费广告,二线,新客
U01361,2024-09-23,口碑推荐,二线,新客
U01362,2023-04-15,付费广告,二线,新客
U01363,2023-01-15,内容营销,四线及以下,新客
U01364,2024-04-17,付费广告,一线,新客
U01365,2024-02-15,口碑推荐,一线,新客
U01366,2023-03-05,付费广告,二线,新客
U01367,2023-09-04,付费广告,一线,新客
U01368,2024-01-17,付费广告,二线,新客
U01369,2023-02-08,社交媒体,一线,新客
U01370,2024-08-25,付费广告,二线,新客
U01371,2023-04-26,内容营销,四线及以下,老客带新
U01372,2024-02-29,付费广告,二线,新客
U01373,2024-01-24,自然搜索,三线,新客
U01374,2023-12-25,付费广告,一线,新客
U01375,2024-01-10,社交媒体,一线,老客带新
U01376,2024-08-11,内容营销,三线,新客
U01377,2023-06-11,付费广告,三线,新客
U01378,2023-02-28,社交媒体,二线,新客
U01379,2024-11-10,付费广告,四线及以下,老客带新
U01380,2024-06-29,社交媒体,四线及以下,新客
U01381,2024-06-26,内容营销,四线及以下,新客
U01382,2023-10-23,自然搜索,二线,新客
U01383,2023-02-11,付费广告,一线,新客
U01384,2024-06-18,内容营销,三线,老客带新
U01385,2024-03-05,内容营销,三线,新客
U01386,2024-11-10,社交媒体,一线,新客
U01387,2023-09-01,付费广告,三线,老客带新
U01388,2024-09-01,付费广告,一线,老客带新
U01389,2024-02-14,付费广告,二线,新客
U01390,2023-07-16,口碑推荐,二线,新客
U01391,2024-04-23,社交媒体,三线,新客
U01392,2023-01-05,付费广告,二线,新客
U01393,2023-04-08,自然搜索,三线,老客带新
U01394,2023-08-16,付费广告,二线,老客带新
U01395,2023-05-08,自然搜索,三线,新客
U01396,2024-08-13,自然搜索,四线及以下,老客带新
U01397,2023-04-29,付费广告,三线,新客
U01398,2023-06-07,自然搜索,四线及以下,新客
U01399,2024-05-30,自然搜索,一线,新客
U01400,2024-07-27,付费广告,二线,老客带新
U01401,2023-07-27,自然搜索,一线,新客
U01402,2024-10-06,自然搜索,一线,新客
U01403,2023-07-05,付费广告,三线,老客带新
U01404,2024-09-27,自然搜索,一线,新客
U01405,2024-10-24,付费广告,二线,新客
U01406,2024-09-14,自然搜索,二线,老客带新
U01407,2023-06-15,口碑推荐,二线,新客
U01408,2024-09-02,内容营销,二线,老客带新
U01409,2024-11-17,社交媒体,三线,老客带新
U01410,2024-11-28,付费广告,一线,新客
U01411,2023-05-02,内容营销,二线,新客
U01412,2024-01-17,社交媒体,三线,新客
U01413,2024-06-07,自然搜索,三线,新客
U01414,2024-09-13,付费广告,二线,新客
U01415,2024-05-30,内容营销,四线及以下,新客
U01416,2023-12-31,付费广告,二线,新客
U01417,2024-04-28,自然搜索,二线,新客
U01418,2024-05-23,社交媒体,一线,新客
U01419,2023-11-18,口碑推荐,二线,新客
U01420,2024-08-16,自然搜索,三线,新客
U01421,2024-09-18,付费广告,一线,新客
U01422,2023-04-03,自然搜索,二线,新客
U01423,2024-08-09,社交媒体,三线,新客
U01424,2024-06-02,付费广告,二线,新客
U01425,2023-03-11,付费广告,一线,新客
U01426,2024-07-30,口碑推荐,三线,新客
U01427,2023-10-19,付费广告,一线,新客
U01428,2023-10-11,社交媒体,四线及以下,新客
U01429,2024-05-04,付费广告,一线,新客
U01430,2024-05-19,付费广告,三线,新客
U01431,2023-09-07,社交媒体,二线,新客
U01432,2023-01-03,自然搜索,四线及以下,新客
U01433,2024-03-27,付费广告,一线,新客
U01434,2023-10-16,自然搜索,三线,老客带新
U01435,2023-08-20,社交媒体,二线,新客
U01436,2023-11-20,内容营销,二线,新客
U01437,2023-02-08,内容营销,二线,老客带新
U01438,2024-09-30,付费广告,三线,新客
U01439,2024-05-10,付费广告,四线及以下,新客
U01440,2024-05-23,付费广告,一线,新客
U01441,2024-11-15,口碑推荐,一线,新客
U01442,2024-01-15,自然搜索,三线,新客
U01443,2023-05-13,内容营销,一线,新客
U01444,2023-01-24,付费广告,四线及以下,新客
U01445,2023-05-09,内容营销,三线,新客
U01446,2024-01-04,口碑推荐,三线,新客
U01447,2024-11-02,口碑推荐,一线,新客
U01448,2023-01-14,付费广告,一线,新客
U01449,2024-07-18,自然搜索,三线,新客
U01450,2023-03-26,付费广告,四线及以下,新客
U01451,2024-04-30,付费广告,四线及以下,新客
U01452,2024-08-14,自然搜索,一线,新客
U01453,2023-08-25,付费广告,一线,新客
U01454,2024-01-30,付费广告,一线,新客
U01455,2023-11-17,社交媒体,四线及以下,新客
U01456,2024-03-15,社交媒体,一线,新客
U01457,2023-07-19,自然搜索,一线,新客
U01458,2024-07-05,内容营销,一线,新客
U01459,2023-05-06,自然搜索,二线,新客
U01460,2024-09-30,付费广告,四线及以下,新客
U01461,2023-10-04,付费广告,二线,新客
U01462,2024-03-12,口碑推荐,一线,新客
U01463,2024-05-03,自然搜索,二线,老客带新
U01464,2023-08-24,付费广告,二线,新客
U01465,2023-08-31,社交媒体,一线,新客
U01466,2024-03-14,自然搜索,一线,新客
U01467,2023-03-19,社交媒体,三线,新客
U01468,2023-04-05,内容营销,一线,新客
U01469,2024-02-04,内容营销,一线,新客
U01470,2023-09-23,自然搜索,二线,新客
U01471,2024-11-09,自然搜索,三线,新客
U01472,2023-10-19,付费广告,二线,新客
U01473,2023-04-13,付费广告,三线,新客
U01474,2023-08-01,自然搜索,二线,新客
U01475,2024-10-05,自然搜索,三线,新客
U01476,2024-09-08,内容营销,一线,新客
U01477,2023-02-11,内容营销,四线及以下,新客
U01478,2023-10-13,自然搜索,一线,新客
U01479,2024-05-03,付费广告,二线,老客带新
U01480,2024-06-17,付费广告,三线,新客
U01481,2023-09-23,自然搜索,二线,新客
U01482,2023-08-26,社交媒体,四线及以下,新客
U01483,2024-02-23,社交媒体,二线,新客
U01484,2024-06-16,内容营销,四线及以下,老客带新
U01485,2024-08-13,社交媒体,三线,老客带新
U01486,2024-09-04,付费广告,四线及以下,新客
U01487,2024-07-08,社交媒体,四线及以下,新客
U01488,2024-05-19,付费广告,四线及以下,新客
U01489,2024-08-26,社交媒体,三线,新客
U01490,2024-10-29,付费广告,二线,新客
U01491,2024-05-07,自然搜索,一线,新客
U01492,2023-09-13,自然搜索,三线,新客
U01493,2024-06-15,付费广告,四线及以下,新客
U01494,2024-01-17,内容营销,三线,老客带新
U01495,2023-08-13,自然搜索,四线及以下,新客
U01496,2023-08-13,付费广告,三线,新客
U01497,2023-07-23,付费广告,一线,新客
U01498,2023-12-08,社交媒体,一线,新客
U01499,2024-10-14,自然搜索,二线,新客
U01500,2023-11-22,内容营销,一线,新客
U01501,2024-10-20,内容营销,二线,新客
U01502,2024-01-14,社交媒体,四线及以下,新客
U01503,2023-02-21,社交媒体,三线,新客
U01504,2024-03-16,自然搜索,二线,新客
U01505,2024-06-09,付费广告,一线,新客
U01506,2024-07-17,口碑推荐,二线,新客
U01507,2024-12-03,自然搜索,二线,新客
U01508,2024-01-18,付费广告,二线,新客
U01509,2023-11-02,社交媒体,一线,新客
U01510,2023-01-25,付费广告,二线,新客
U01511,2023-03-24,内容营销,一线,新客
U01512,2024-07-17,自然搜索,四线及以下,新客
U01513,2023-07-12,口碑推荐,一线,新客
U01514,2024-03-21,付费广告,一线,新客
U01515,2023-05-16,口碑推荐,一线,新客
U01516,2023-08-09,付费广告,二线,新客
U01517,2024-04-03,付费广告,三线,新客
U01518,2023-01-13,内容营销,三线,新客
U01519,2023-05-04,付费广告,二线,新客
U01520,2023-01-05,付费广告,三线,新客
U01521,2023-08-02,付费广告,二线,新客
U01522,2023-09-30,社交媒体,三线,老客带新
U01523,2023-11-22,付费广告,一线,新客
U01524,2023-10-19,内容营销,二线,新客
U01525,2024-02-02,付费广告,三线,新客
U01526,2023-02-09,付费广告,三线,老客带新
U01527,2024-04-08,口碑推荐,三线,老客带新
U01528,2023-09-18,社交媒体,一线,新客
U01529,2023-04-23,内容营销,一线,新客
U01530,2023-10-24,内容营销,四线及以下,老客带新
U01531,2024-10-04,付费广告,一线,新客
U01532,2024-05-09,自然搜索,一线,新客
U01533,2024-02-20,自然搜索,一线,新客
U01534,2023-02-21,社交媒体,二线,新客
U01535,2024-08-04,内容营销,一线,新客
U01536,2024-04-14,自然搜索,二线,新客
U01537,2024-10-28,自然搜索,二线,新客
U01538,2024-12-10,自然搜索,四线及以下,新客
U01539,2023-05-27,口碑推荐,一线,新客
U01540,2023-04-16,付费广告,二线,新客
U01541,2023-04-21,付费广告,二线,新客
U01542,2023-10-22,付费广告,三线,新客
U01543,2024-09-25,口碑推荐,二线,新客
U01544,2023-05-07,社交媒体,三线,老客带新
U01545,2024-09-14,社交媒体,一线,新客
U01546,2023-08-06,自然搜索,三线,新客
U01547,2024-09-02,付费广告,二线,新客
U01548,2023-06-14,社交媒体,一线,新客
U01549,2023-04-29,内容营销,四线及以下,新客
U01550,2024-01-16,自然搜索,三线,老客带新
U01551,2024-05-18,自然搜索,一线,新客
U01552,2023-07-04,自然搜索,一线,新客
U01553,2024-01-29,付费广告,一线,新客
U01554,2024-11-26,口碑推荐,三线,新客
U01555,2024-04-21,自然搜索,一线,新客
U01556,2024-11-11,付费广告,一线,新客
U01557,2023-04-25,付费广告,一线,新客
U01558,2024-11-23,自然搜索,三线,老客带新
U01559,2024-06-13,付费广告,三线,新客
U01560,2024-07-11,付费广告,三线,新客
U01561,2024-02-14,付费广告,一线,新客
U01562,2024-10-16,社交媒体,四线及以下,新客
U01563,2024-01-08,付费广告,三线,新客
U01564,2023-06-21,自然搜索,四线及以下,新客
U01565,2023-04-20,内容营销,二线,新客
U01566,2024-04-08,社交媒体,二线,老客带新
U01567,2023-04-24,口碑推荐,三线,新客
U01568,2024-05-18,自然搜索,一线,新客
U01569,2023-01-19,自然搜索,二线,老客带新
U01570,2024-08-10,自然搜索,三线,新客
U01571,2024-03-07,自然搜索,三线,新客
U01572,2024-10-05,付费广告,四线及以下,新客
U01573,2023-01-18,内容营销,三线,新客
U01574,2023-06-04,付费广告,一线,新客
U01575,2024-08-09,付费广告,一线,新客
U01576,2024-03-23,社交媒体,二线,新客
U01577,2024-03-02,自然搜索,二线,新客
U01578,2024-03-10,社交媒体,一线,新客
U01579,2023-11-04,社交媒体,一线,新客
U01580,2023-09-24,口碑推荐,二线,新客
U01581,2024-03-31,内容营销,三线,新客
U01582,2024-08-03,付费广告,四线及以下,老客带新
U01583,2024-05-28,付费广告,三线,老客带新
U01584,2024-01-07,内容营销,三线,新客
U01585,2024-05-17,口碑推荐,三线,新客
U01586,2024-01-02,付费广告,四线及以下,新客
U01587,2024-05-22,内容营销,三线,新客
U01588,2024-01-15,自然搜索,四线及以下,新客
U01589,2024-09-11,内容营销,四线及以下,新客
U01590,2023-10-01,自然搜索,四线及以下,新客
U01591,2024-02-21,付费广告,二线,新客
U01592,2024-06-29,内容营销,一线,新客
U01593,2023-05-21,付费广告,一线,新客
U01594,2024-05-16,付费广告,一线,新客
U01595,2023-10-03,付费广告,一线,新客
U01596,2023-04-07,内容营销,一线,老客带新
U01597,2023-04-08,口碑推荐,二线,新客
U01598,2023-07-18,社交媒体,二线,新客
U01599,2023-03-03,社交媒体,三线,新客
U01600,2024-12-16,口碑推荐,一线,新客
U01601,2023-04-07,付费广告,三线,新客
U01602,2023-09-20,付费广告,三线,新客
U01603,2024-02-23,社交媒体,二线,新客
U01604,2023-12-25,付费广告,四线及以下,新客
U01605,2024-08-17,自然搜索,一线,新客
U01606,2023-04-22,自然搜索,一线,新客
U01607,2024-12-03,自然搜索,二线,新客
U01608,2023-10-20,内容营销,一线,老客带新
U01609,2023-07-03,付费广告,二线,新客
U01610,2024-11-19,社交媒体,二线,新客
U01611,2024-02-19,付费广告,一线,新客
U01612,2023-10-14,付费广告,一线,新客
U01613,2024-04-17,付费广告,二线,新客
U01614,2023-10-23,口碑推荐,三线,新客
U01615,2024-01-02,社交媒体,二线,老客带新
U01616,2023-12-06,内容营销,一线,老客带新
U01617,2023-12-31,社交媒体,一线,新客
U01618,2024-12-02,社交媒体,一线,新客
U01619,2024-08-11,社交媒体,一线,新客
U01620,2023-11-22,内容营销,四线及以下,新客
U01621,2024-08-27,口碑推荐,一线,新客
U01622,2024-05-26,自然搜索,三线,新客
U01623,2023-07-06,付费广告,四线及以下,新客
U01624,2024-03-14,社交媒体,一线,新客
U01625,2024-12-02,社交媒体,二线,新客
U01626,2024-08-17,自然搜索,四线及以下,新客
U01627,2024-03-12,内容营销,三线,老客带新
U01628,2023-07-21,内容营销,二线,新客
U01629,2023-10-24,自然搜索,三线,新客
U01630,2023-12-21,内容营销,三线,新客
U01631,2024-02-20,自然搜索,二线,新客
U01632,2023-05-27,自然搜索,四线及以下,新客
U01633,2024-09-10,自然搜索,二线,老客带新
U01634,2023-05-04,自然搜索,二线,新客
U01635,2024-11-17,口碑推荐,四线及以下,新客
U01636,2023-05-25,自然搜索,三线,新客
U01637,2024-05-14,付费广告,二线,新客
U01638,2024-07-19,自然搜索,一线,新客
U01639,2024-09-04,付费广告,三线,新客
U01640,2023-08-30,自然搜索,三线,老客带新
U01641,2024-06-15,社交媒体,三线,新客
U01642,2023-04-11,自然搜索,四线及以下,新客
U01643,2023-07-22,内容营销,四线及以下,新客
U01644,2024-10-23,口碑推荐,二线,新客
U01645,2024-05-19,自然搜索,一线,新客
U01646,2023-02-28,内容营销,二线,新客
U01647,2023-11-06,自然搜索,三线,新客
U01648,2023-07-22,自然搜索,三线,新客
U01649,2024-05-12,自然搜索,二线,新客
U01650,2023-02-06,付费广告,二线,新客
U01651,2024-02-01,付费广告,一线,新客
U01652,2023-02-01,口碑推荐,一线,老客带新
U01653,2023-10-19,付费广告,二线,新客
U01654,2023-05-03,社交媒体,一线,老客带新
U01655,2024-10-08,自然搜索,二线,新客
U01656,2023-02-10,口碑推荐,二线,新客
U01657,2023-02-16,自然搜索,二线,新客
U01658,2024-04-14,自然搜索,一线,新客
U01659,2023-07-22,自然搜索,三线,新客
U01660,2023-12-21,自然搜索,二线,新客
U01661,2024-03-04,付费广告,三线,新客
U01662,2023-06-28,口碑推荐,三线,新客
U01663,2023-10-01,自然搜索,一线,新客
U01664,2024-07-11,社交媒体,二线,老客带新
U01665,2023-07-21,社交媒体,四线及以下,新客
U01666,2024-08-19,内容营销,三线,新客
U01667,2023-04-15,自然搜索,四线及以下,新客
U01668,2024-08-15,付费广告,三线,老客带新
U01669,2024-03-20,内容营销,一线,新客
U01670,2023-08-20,社交媒体,一线,新客
U01671,2024-03-18,付费广告,二线,新客
U01672,2024-08-21,自然搜索,二线,新客
U01673,2024-02-22,付费广告,一线,新客
U01674,2023-09-06,社交媒体,三线,新客
U01675,2024-04-27,社交媒体,二线,老客带新
U01676,2024-11-24,自然搜索,二线,老客带新
U01677,2023-08-11,社交媒体,三线,新客
U01678,2023-01-11,社交媒体,三线,新客
U01679,2024-07-27,付费广告,二线,新客
U01680,2023-06-07,社交媒体,三线,新客
U01681,2024-08-16,口碑推荐,四线及以下,新客
U01682,2024-06-05,付费广告,二线,新客
U01683,2024-06-29,内容营销,一线,老客带新
U01684,2024-07-05,自然搜索,一线,新客
U01685,2024-12-03,自然搜索,二线,新客
U01686,2023-10-06,付费广告,二线,新客
U01687,2024-12-19,自然搜索,四线及以下,新客
U01688,2023-09-02,自然搜索,三线,新客
U01689,2023-05-22,自然搜索,三线,新客
U01690,2023-08-22,口碑推荐,四线及以下,新客
U01691,2023-09-13,自然搜索,四线及以下,新客
U01692,2024-03-12,社交媒体,二线,新客
U01693,2024-02-03,自然搜索,一线,新客
U01694,2024-06-04,内容营销,三线,新客
U01695,2024-07-30,社交媒体,二线,新客
U01696,2023-11-29,自然搜索,二线,新客
U01697,2023-07-16,口碑推荐,三线,新客
U01698,2023-03-15,付费广告,四线及以下,新客
U01699,2023-03-29,口碑推荐,二线,新客
U01700,2024-06-05,付费广告,三线,新客
U01701,2023-08-05,社交媒体,一线,新客
U01702,2023-01-29,口碑推荐,三线,新客
U01703,2023-01-24,付费广告,一线,新客
U01704,2023-08-04,自然搜索,四线及以下,新客
U01705,2024-04-06,口碑推荐,一线,新客
U01706,2023-05-05,付费广告,三线,新客
U01707,2023-06-14,付费广告,一线,新客
U01708,2024-10-11,自然搜索,一线,新客
U01709,2023-09-10,付费广告,二线,老客带新
U01710,2023-11-11,内容营销,二线,新客
U01711,2024-11-07,付费广告,一线,老客带新
U01712,2023-01-14,付费广告,二线,新客
U01713,2024-11-12,社交媒体,三线,新客
U01714,2024-09-05,口碑推荐,三线,老客带新
U01715,2023-02-04,付费广告,一线,新客
U01716,2023-06-26,付费广告,三线,新客
U01717,2024-11-18,内容营销,一线,新客
U01718,2023-05-26,社交媒体,二线,老客带新
U01719,2023-03-03,自然搜索,一线,新客
U01720,2023-04-26,自然搜索,二线,新客
U01721,2024-07-26,付费广告,一线,新客
U01722,2023-05-04,自然搜索,四线及以下,新客
U01723,2023-09-18,付费广告,二线,新客
U01724,2023-06-18,内容营销,一线,新客
U01725,2023-06-19,自然搜索,一线,新客
U01726,2023-12-22,社交媒体,四线及以下,新客
U01727,2023-10-30,付费广告,三线,新客
U01728,2024-03-08,口碑推荐,三线,新客
U01729,2023-12-06,社交媒体,四线及以下,新客
U01730,2024-09-16,自然搜索,四线及以下,新客
U01731,2023-02-22,付费广告,三线,新客
U01732,2023-03-14,自然搜索,一线,新客
U01733,2024-04-16,内容营销,三线,新客
U01734,2024-12-17,内容营销,一线,新客
U01735,2023-01-22,付费广告,三线,新客
U01736,2023-03-22,付费广告,三线,新客
U01737,2023-02-09,付费广告,三线,新客
U01738,2024-07-09,社交媒体,二线,新客
U01739,2024-06-20,付费广告,三线,新客
U01740,2023-11-22,付费广告,四线及以下,老客带新
U01741,2024-11-07,付费广告,一线,新客
U01742,2024-10-09,自然搜索,二线,新客
U01743,2023-05-13,社交媒体,三线,新客
U01744,2023-11-12,自然搜索,四线及以下,新客
U01745,2023-03-03,社交媒体,一线,新客
U01746,2024-08-09,自然搜索,一线,新客
U01747,2023-02-02,自然搜索,一线,新客
U01748,2023-03-10,社交媒体,一线,新客
U01749,2024-12-19,内容营销,四线及以下,新客
U01750,2024-03-03,口碑推荐,三线,新客
U01751,2023-06-09,自然搜索,三线,新客
U01752,2024-08-21,自然搜索,二线,老客带新
U01753,2023-01-09,内容营销,三线,新客
U01754,2024-11-14,付费广告,一线,新客
U01755,2023-03-06,自然搜索,二线,新客
U01756,2024-03-02,内容营销,二线,新客
U01757,2024-03-17,口碑推荐,一线,新客
U01758,2023-03-27,内容营销,二线,新客
U01759,2024-09-13,内容营销,二线,新客
U01760,2024-02-15,内容营销,一线,老客带新
U01761,2024-01-30,自然搜索,一线,新客
U01762,2023-12-14,自然搜索,三线,新客
U01763,2023-07-09,社交媒体,一线,新客
U01764,2023-03-30,付费广告,四线及以下,老客带新
U01765,2024-01-11,付费广告,一线,新客
U01766,2024-06-13,付费广告,三线,新客
U01767,2023-01-07,付费广告,四线及以下,老客带新
U01768,2024-11-18,社交媒体,四线及以下,新客
U01769,2023-02-24,自然搜索,四线及以下,新客
U01770,2024-02-01,付费广告,一线,新客
U01771,2024-01-30,付费广告,二线,老客带新
U01772,2024-08-31,社交媒体,二线,新客
U01773,2023-03-21,自然搜索,一线,新客
U01774,2024-02-22,付费广告,一线,新客
U01775,2024-08-10,社交媒体,四线及以下,新客
U01776,2023-08-23,付费广告,二线,老客带新
U01777,2024-02-21,自然搜索,三线,新客
U01778,2023-06-23,付费广告,四线及以下,新客
U01779,2024-10-08,付费广告,三线,老客带新
U01780,2024-07-08,内容营销,三线,新客
U01781,2024-06-27,自然搜索,三线,新客
U01782,2023-10-17,社交媒体,一线,老客带新
U01783,2023-09-26,自然搜索,二线,新客
U01784,2024-08-06,付费广告,四线及以下,新客
U01785,2023-07-14,社交媒体,四线及以下,新客
U01786,2023-09-25,付费广告,四线及以下,新客
U01787,2024-11-16,付费广告,二线,老客带新
U01788,2024-07-09,自然搜索,四线及以下,新客
U01789,2024-08-07,付费广告,一线,新客
U01790,2024-11-27,社交媒体,一线,新客
U01791,2024-08-27,付费广告,二线,新客
U01792,2023-08-16,内容营销,二线,新客
U01793,2023-08-30,社交媒体,一线,新客
U01794,2024-12-11,付费广告,二线,老客带新
U01795,2024-02-06,自然搜索,一线,新客
U01796,2024-08-26,付费广告,二线,新客
U01797,2023-09-25,口碑推荐,三线,新客
U01798,2024-02-04,付费广告,三线,新客
U01799,2023-04-28,口碑推荐,一线,新客
U01800,2023-04-29,付费广告,二线,新客
U01801,2023-08-01,口碑推荐,三线,新客
U01802,2023-09-12,自然搜索,二线,新客
U01803,2024-10-01,内容营销,二线,新客
U01804,2024-12-14,付费广告,三线,老客带新
U01805,2024-04-12,付费广告,四线及以下,新客
U01806,2024-04-07,付费广告,一线,新客
U01807,2023-03-13,付费广告,二线,新客
U01808,2024-02-13,内容营销,二线,新客
U01809,2024-09-13,自然搜索,二线,新客
U01810,2023-05-17,自然搜索,一线,新客
U01811,2024-07-29,社交媒体,一线,新客
U01812,2023-03-14,付费广告,一线,新客
U01813,2023-01-22,付费广告,四线及以下,新客
U01814,2023-09-07,社交媒体,三线,新客
U01815,2023-04-04,付费广告,三线,新客
U01816,2024-04-27,内容营销,三线,新客
U01817,2024-11-22,付费广告,一线,新客
U01818,2023-08-12,自然搜索,四线及以下,新客
U01819,2024-11-06,社交媒体,二线,新客
U01820,2023-08-11,社交媒体,二线,新客
U01821,2024-10-04,付费广告,三线,新客
U01822,2024-02-10,社交媒体,三线,新客
U01823,2024-03-05,自然搜索,三线,新客
U01824,2024-07-20,付费广告,一线,老客带新
U01825,2024-08-15,内容营销,四线及以下,新客
U01826,2023-08-20,自然搜索,四线及以下,新客
U01827,2024-06-30,付费广告,二线,新客
U01828,2024-08-18,口碑推荐,一线,新客
U01829,2024-06-28,内容营销,一线,新客
U01830,2024-10-29,付费广告,四线及以下,新客
U01831,2023-04-23,付费广告,二线,新客
U01832,2023-12-10,社交媒体,二线,新客
U01833,2023-03-24,内容营销,一线,新客
U01834,2023-11-29,内容营销,一线,新客
U01835,2024-11-23,自然搜索,三线,新客
U01836,2024-10-31,付费广告,二线,新客
U01837,2023-01-09,付费广告,四线及以下,新客
U01838,2024-10-28,口碑推荐,三线,新客
U01839,2023-06-22,社交媒体,三线,新客
U01840,2024-06-11,社交媒体,一线,新客
U01841,2023-12-03,内容营销,一线,新客
U01842,2023-08-18,自然搜索,二线,新客
U01843,2023-09-29,自然搜索,二线,新客
U01844,2024-01-13,付费广告,一线,老客带新
U01845,2023-03-10,付费广告,四线及以下,新客
U01846,2024-01-29,自然搜索,二线,新客
U01847,2024-04-08,自然搜索,一线,新客
U01848,2024-08-17,社交媒体,一线,新客
U01849,2024-05-08,内容营销,一线,新客
U01850,2023-06-17,付费广告,四线及以下,老客带新
U01851,2024-02-12,付费广告,一线,新客
U01852,2023-08-10,付费广告,二线,老客带新
U01853,2024-08-21,口碑推荐,三线,新客
U01854,2023-01-27,口碑推荐,一线,新客
U01855,2023-07-21,社交媒体,一线,新客
U01856,2024-09-09,自然搜索,一线,新客
U01857,2023-10-09,自然搜索,二线,新客
U01858,2024-10-01,自然搜索,一线,新客
U01859,2023-09-22,社交媒体,一线,新客
U01860,2023-05-18,口碑推荐,三线,新客
U01861,2023-09-15,内容营销,一线,新客
U01862,2024-12-12,付费广告,三线,新客
U01863,2024-07-21,口碑推荐,三线,老客带新
U01864,2023-07-23,内容营销,二线,新客
U01865,2023-09-05,付费广告,二线,新客
U01866,2024-01-07,付费广告,一线,老客带新
U01867,2024-02-14,内容营销,三线,新客
U01868,2023-11-10,付费广告,三线,新客
U01869,2024-02-08,内容营销,三线,新客
U01870,2023-01-09,内容营销,一线,新客
U01871,2023-12-16,社交媒体,四线及以下,新客
U01872,2023-12-05,口碑推荐,一线,新客
U01873,2023-08-20,社交媒体,二线,新客
U01874,2024-01-08,社交媒体,二线,新客
U01875,2024-03-27,付费广告,一线,老客带新
U01876,2024-01-22,自然搜索,二线,新客
U01877,2023-07-28,付费广告,三线,新客
U01878,2023-05-09,社交媒体,三线,新客
U01879,2024-02-18,自然搜索,四线及以下,新客
U01880,2024-01-11,自然搜索,二线,老客带新
U01881,2024-11-08,自然搜索,三线,新客
U01882,2024-03-16,社交媒体,一线,老客带新
U01883,2024-06-12,内容营销,二线,新客
U01884,2023-02-04,内容营销,一线,新客
U01885,2023-01-05,付费广告,二线,新客
U01886,2024-05-30,内容营销,二线,老客带新
U01887,2024-07-09,社交媒体,二线,新客
U01888,2023-08-19,付费广告,二线,新客
U01889,2024-04-26,社交媒体,四线及以下,新客
U01890,2023-12-23,自然搜索,二线,新客
U01891,2024-07-09,内容营销,四线及以下,老客带新
U01892,2023-09-05,付费广告,三线,新客
U01893,2023-02-09,付费广告,二线,新客
U01894,2023-09-30,社交媒体,三线,新客
U01895,2024-07-05,付费广告,一线,新客
U01896,2024-01-06,付费广告,三线,新客
U01897,2024-02-13,社交媒体,二线,新客
U01898,2024-07-16,自然搜索,四线及以下,新客
U01899,2023-09-23,社交媒体,三线,新客
U01900,2023-07-28,付费广告,三线,新客
U01901,2023-03-22,社交媒体,三线,新客
U01902,2023-06-27,社交媒体,二线,新客
U01903,2024-08-25,付费广告,一线,新客
U01904,2023-06-03,社交媒体,二线,新客
U01905,2024-04-03,社交媒体,二线,新客
U01906,2023-02-17,口碑推荐,一线,新客
U01907,2023-09-10,社交媒体,四线及以下,新客
U01908,2023-03-13,内容营销,二线,新客
U01909,2023-01-24,自然搜索,四线及以下,新客
U01910,2024-01-11,付费广告,三线,新客
U01911,2023-05-22,内容营销,二线,老客带新
U01912,2024-05-20,付费广告,四线及以下,新客
U01913,2024-11-15,自然搜索,二线,新客
U01914,2023-06-28,付费广告,四线及以下,新客
U01915,2024-09-14,自然搜索,二线,新客
U01916,2023-11-15,自然搜索,二线,新客
U01917,2023-04-04,内容营销,二线,新客
U01918,2024-01-19,付费广告,二线,老客带新
U01919,2023-09-19,付费广告,二线,老客带新
U01920,2023-06-26,内容营销,二线,新客
U01921,2023-11-29,内容营销,二线,新客
U01922,2023-03-05,付费广告,四线及以下,新客
U01923,2023-12-12,付费广告,二线,新客
U01924,2023-09-21,口碑推荐,二线,新客
U01925,2023-08-10,社交媒体,三线,新客
U01926,2024-04-21,社交媒体,三线,新客
U01927,2024-09-26,内容营销,四线及以下,新客
U01928,2023-01-25,社交媒体,二线,老客带新
U01929,2023-07-02,付费广告,一线,新客
U01930,2024-12-19,社交媒体,二线,新客
U01931,2023-05-08,付费广告,二线,新客
U01932,2023-04-06,口碑推荐,四线及以下,新客
U01933,2024-11-22,社交媒体,二线,新客
U01934,2023-01-16,自然搜索,四线及以下,新客
U01935,2024-08-12,付费广告,二线,新客
U01936,2023-10-26,付费广告,四线及以下,新客
U01937,2024-06-22,付费广告,一线,老客带新
U01938,2023-03-13,社交媒体,四线及以下,老客带新
U01939,2024-03-23,付费广告,四线及以下,新客
U01940,2023-11-14,口碑推荐,四线及以下,新客
U01941,2024-05-01,自然搜索,一线,新客
U01942,2023-05-09,社交媒体,一线,新客
U01943,2023-02-16,口碑推荐,三线,老客带新
U01944,2024-08-17,社交媒体,一线,新客
U01945,2023-12-03,付费广告,一线,新客
U01946,2023-01-05,内容营销,一线,老客带新
U01947,2024-05-08,付费广告,二线,新客
U01948,2024-05-30,自然搜索,二线,老客带新
U01949,2024-12-15,付费广告,一线,新客
U01950,2023-03-13,自然搜索,一线,新客
U01951,2023-12-31,内容营销,二线,新客
U01952,2024-02-17,自然搜索,二线,新客
U01953,2023-11-24,口碑推荐,一线,新客
U01954,2023-10-17,口碑推荐,二线,新客
U01955,2024-05-31,自然搜索,四线及以下,新客
U01956,2024-03-17,社交媒体,四线及以下,老客带新
U01957,2023-10-03,自然搜索,四线及以下,新客
U01958,2023-05-11,付费广告,四线及以下,新客
U01959,2023-05-04,自然搜索,二线,新客
U01960,2024-10-28,内容营销,三线,新客
U01961,2023-04-19,内容营销,二线,新客
U01962,2023-09-15,自然搜索,三线,新客
U01963,2024-01-23,自然搜索,二线,新客
U01964,2024-03-16,口碑推荐,三线,新客
U01965,2024-05-08,付费广告,二线,新客
U01966,2024-04-17,内容营销,一线,新客
U01967,2023-04-06,社交媒体,三线,新客
U01968,2023-05-10,付费广告,一线,老客带新
U01969,2024-05-08,口碑推荐,一线,老客带新
U01970,2023-02-13,付费广告,一线,新客
U01971,2024-10-13,内容营销,二线,新客
U01972,2024-11-10,内容营销,一线,新客
U01973,2023-03-12,自然搜索,四线及以下,新客
U01974,2023-02-13,自然搜索,二线,老客带新
U01975,2024-07-20,内容营销,二线,新客
U01976,2024-05-16,内容营销,二线,新客
U01977,2024-02-07,自然搜索,三线,老客带新
U01978,2024-09-04,口碑推荐,三线,新客
U01979,2023-11-04,付费广告,三线,新客
U01980,2023-04-20,付费广告,三线,新客
U01981,2023-01-29,内容营销,四线及以下,新客
U01982,2024-11-24,自然搜索,四线及以下,新客
U01983,2024-01-11,内容营销,三线,新客
U01984,2023-02-11,自然搜索,一线,新客
U01985,2023-04-20,社交媒体,三线,新客
U01986,2024-04-28,自然搜索,二线,新客
U01987,2024-06-02,付费广告,三线,新客
U01988,2024-10-17,社交媒体,三线,新客
U01989,2024-12-17,自然搜索,三线,新客
U01990,2024-06-29,付费广告,三线,新客
U01991,2023-07-21,付费广告,一线,新客
U01992,2023-08-27,自然搜索,一线,新客
U01993,2023-05-18,口碑推荐,一线,新客
U01994,2023-05-05,付费广告,四线及以下,新客
U01995,2024-10-11,社交媒体,三线,新客
U01996,2024-08-25,付费广告,三线,新客
U01997,2023-11-19,付费广告,三线,新客
U01998,2024-01-11,自然搜索,三线,新客
U01999,2023-12-19,付费广告,四线及以下,新客
U02000,2024-09-14,付费广告,三线,老客带新
U02001,2023-11-04,社交媒体,三线,新客
U02002,2023-05-18,口碑推荐,三线,新客
U02003,2024-12-11,付费广告,一线,新客
U02004,2023-09-12,自然搜索,三线,新客
U02005,2023-12-03,自然搜索,二线,新客
U02006,2024-05-14,自然搜索,一线,新客
U02007,2024-07-20,自然搜索,三线,新客
U02008,2024-04-07,付费广告,二线,新客
U02009,2023-12-17,自然搜索,四线及以下,老客带新
U02010,2023-06-23,自然搜索,一线,新客
U02011,2023-04-07,自然搜索,二线,新客
U02012,2023-10-29,自然搜索,二线,老客带新
U02013,2024-12-14,自然搜索,一线,新客
U02014,2024-03-23,自然搜索,二线,老客带新
U02015,2023-11-22,付费广告,一线,新客
U02016,2024-07-12,付费广告,一线,新客
U02017,2024-05-14,自然搜索,一线,新客
U02018,2024-09-06,付费广告,一线,新客
U02019,2024-06-22,付费广告,三线,老客带新
U02020,2024-07-09,自然搜索,一线,新客
U02021,2024-02-29,自然搜索,三线,新客
U02022,2023-07-13,付费广告,三线,老客带新
U02023,2023-03-18,社交媒体,二线,新客
U02024,2023-09-06,自然搜索,四线及以下,老客带新
U02025,2024-08-06,自然搜索,三线,新客
U02026,2024-05-12,内容营销,三线,新客
U02027,2024-04-26,付费广告,一线,新客
U02028,2023-08-18,自然搜索,三线,新客
U02029,2023-06-03,内容营销,三线,新客
U02030,2023-05-14,口碑推荐,二线,老客带新
U02031,2024-03-10,付费广告,一线,老客带新
U02032,2024-11-07,付费广告,二线,新客
U02033,2024-06-16,自然搜索,三线,新客
U02034,2024-10-03,自然搜索,二线,老客带新
U02035,2023-03-24,社交媒体,三线,新客
U02036,2023-10-08,自然搜索,一线,新客
U02037,2024-09-08,付费广告,三线,新客
U02038,2023-11-29,内容营销,一线,老客带新
U02039,2023-09-22,内容营销,一线,新客
U02040,2023-03-26,自然搜索,二线,新客
U02041,2024-02-28,社交媒体,一线,新客
U02042,2024-07-12,付费广告,一线,新客
U02043,2023-08-25,内容营销,一线,老客带新
U02044,2024-05-03,付费广告,二线,老客带新
U02045,2023-07-07,自然搜索,四线及以下,新客
U02046,2023-03-03,自然搜索,三线,新客
U02047,2023-04-26,付费广告,二线,老客带新
U02048,2023-05-02,付费广告,一线,新客
U02049,2024-03-01,口碑推荐,二线,新客
U02050,2024-01-04,社交媒体,三线,老客带新
U02051,2023-08-04,付费广告,二线,新客
U02052,2023-08-30,付费广告,一线,新客
U02053,2023-04-04,自然搜索,一线,新客
U02054,2023-02-08,内容营销,三线,新客
U02055,2024-10-31,内容营销,二线,新客
U02056,2023-02-14,内容营销,三线,新客
U02057,2024-01-30,内容营销,二线,老客带新
U02058,2023-06-11,自然搜索,一线,新客
U02059,2023-03-10,自然搜索,二线,新客
U02060,2023-03-16,社交媒体,二线,新客
U02061,2024-01-09,内容营销,一线,新客
U02062,2023-02-13,自然搜索,一线,新客
U02063,2024-07-21,自然搜索,一线,新客
U02064,2023-06-16,口碑推荐,一线,新客
U02065,2023-02-08,自然搜索,二线,新客
U02066,2024-05-18,付费广告,四线及以下,新客
U02067,2023-02-10,社交媒体,二线,新客
U02068,2024-04-01,自然搜索,三线,新客
U02069,2023-02-02,自然搜索,二线,新客
U02070,2024-01-20,口碑推荐,二线,新客
U02071,2024-03-24,社交媒体,一线,新客
U02072,2023-02-07,内容营销,二线,新客
U02073,2023-03-10,付费广告,二线,新客
U02074,2024-11-05,自然搜索,一线,老客带新
U02075,2024-12-14,社交媒体,三线,新客
U02076,2024-09-29,付费广告,二线,新客
U02077,2024-08-30,自然搜索,二线,新客
U02078,2023-01-18,口碑推荐,一线,新客
U02079,2023-09-19,自然搜索,二线,老客带新
U02080,2024-01-17,付费广告,三线,新客
U02081,2024-07-15,自然搜索,一线,新客
U02082,2024-07-19,付费广告,一线,新客
U02083,2024-10-09,付费广告,二线,新客
U02084,2024-11-14,付费广告,一线,新客
U02085,2023-10-08,社交媒体,三线,老客带新
U02086,2023-04-09,内容营销,三线,新客
U02087,2024-10-12,自然搜索,一线,新客
U02088,2024-08-11,自然搜索,一线,新客
U02089,2024-02-13,自然搜索,三线,新客
U02090,2024-02-15,自然搜索,一线,新客
U02091,2024-09-16,社交媒体,一线,新客
U02092,2024-03-18,社交媒体,三线,新客
U02093,2023-04-14,口碑推荐,二线,新客
U02094,2024-10-30,自然搜索,二线,新客
U02095,2024-06-06,付费广告,一线,新客
U02096,2024-11-05,付费广告,三线,新客
U02097,2023-02-18,自然搜索,二线,新客
U02098,2024-11-23,社交媒体,四线及以下,老客带新
U02099,2023-11-06,内容营销,三线,新客
U02100,2023-12-14,付费广告,一线,新客
U02101,2024-03-21,口碑推荐,二线,新客
U02102,2024-05-21,付费广告,二线,新客
U02103,2024-06-16,自然搜索,二线,新客
U02104,2023-06-17,社交媒体,三线,老客带新
U02105,2024-11-15,付费广告,二线,新客
U02106,2024-06-02,自然搜索,一线,新客
U02107,2023-09-04,社交媒体,三线,新客
U02108,2023-05-13,内容营销,一线,老客带新
U02109,2023-11-22,付费广告,三线,新客
U02110,2023-01-12,付费广告,三线,新客
U02111,2024-07-03,内容营销,二线,老客带新
U02112,2023-02-12,口碑推荐,一线,新客
U02113,2023-04-05,社交媒体,三线,新客
U02114,2024-06-09,自然搜索,三线,新客
U02115,2024-07-07,内容营销,二线,新客
U02116,2024-07-11,自然搜索,一线,新客
U02117,2023-06-16,社交媒体,二线,新客
U02118,2024-12-03,自然搜索,一线,新客
U02119,2024-06-29,社交媒体,一线,新客
U02120,2024-05-21,付费广告,一线,新客
U02121,2024-11-17,付费广告,一线,新客
U02122,2023-01-29,付费广告,二线,新客
U02123,2024-12-14,自然搜索,四线及以下,老客带新
U02124,2023-10-13,社交媒体,三线,老客带新
U02125,2024-11-12,内容营销,一线,老客带新
U02126,2024-09-03,内容营销,二线,新客
U02127,2024-01-01,自然搜索,二线,新客
U02128,2023-01-25,社交媒体,一线,老客带新
U02129,2023-12-08,社交媒体,四线及以下,老客带新
U02130,2024-04-29,付费广告,二线,新客
U02131,2024-03-21,自然搜索,四线及以下,新客
U02132,2023-09-19,社交媒体,二线,新客
U02133,2024-08-12,内容营销,三线,新客
U02134,2024-07-06,社交媒体,一线,新客
U02135,2023-05-11,付费广告,二线,新客
U02136,2024-04-30,付费广告,一线,新客
U02137,2024-10-08,自然搜索,三线,新客
U02138,2023-07-28,口碑推荐,三线,新客
U02139,2023-09-01,社交媒体,三线,新客
U02140,2024-03-12,自然搜索,三线,老客带新
U02141,2024-06-08,内容营销,三线,新客
U02142,2023-03-14,付费广告,一线,新客
U02143,2023-09-26,内容营销,二线,新客
U02144,2023-07-09,付费广告,三线,新客
U02145,2024-01-14,自然搜索,三线,新客
U02146,2023-05-14,付费广告,三线,新客
U02147,2023-04-03,付费广告,一线,新客
U02148,2024-04-04,自然搜索,一线,新客
U02149,2023-09-04,社交媒体,四线及以下,新客
U02150,2023-11-19,社交媒体,二线,新客
U02151,2024-12-13,社交媒体,一线,新客
U02152,2023-01-05,自然搜索,三线,老客带新
U02153,2024-01-19,付费广告,四线及以下,新客
U02154,2024-01-09,自然搜索,一线,新客
U02155,2023-02-09,社交媒体,三线,新客
U02156,2024-11-29,自然搜索,四线及以下,新客
U02157,2023-07-04,内容营销,四线及以下,新客
U02158,2024-05-28,社交媒体,四线及以下,新客
U02159,2023-06-12,付费广告,二线,新客
U02160,2023-12-18,付费广告,二线,新客
U02161,2023-08-21,自然搜索,一线,老客带新
U02162,2024-09-23,付费广告,一线,老客带新
U02163,2023-04-22,内容营销,二线,新客
U02164,2023-10-31,内容营销,二线,新客
U02165,2024-01-21,自然搜索,一线,新客
U02166,2024-05-17,社交媒体,二线,新客
U02167,2024-10-02,社交媒体,一线,新客
U02168,2024-09-04,社交媒体,三线,新客
U02169,2024-03-17,自然搜索,一线,新客
U02170,2023-10-12,自然搜索,二线,新客
U02171,2024-01-01,付费广告,二线,新客
U02172,2023-06-24,口碑推荐,一线,新客
U02173,2023-02-22,付费广告,四线及以下,新客
U02174,2024-04-29,付费广告,二线,新客
U02175,2024-02-05,内容营销,二线,新客
U02176,2023-03-27,社交媒体,一线,新客
U02177,2023-03-17,内容营销,二线,新客
U02178,2023-06-17,付费广告,一线,新客
U02179,2023-12-19,自然搜索,二线,新客
U02180,2024-08-17,内容营销,二线,老客带新
U02181,2023-11-22,付费广告,四线及以下,老客带新
U02182,2023-04-27,自然搜索,三线,新客
U02183,2023-06-01,付费广告,一线,新客
U02184,2024-08-16,自然搜索,一线,新客
U02185,2024-04-10,付费广告,二线,新客
U02186,2024-05-03,内容营销,一线,老客带新
U02187,2023-12-24,内容营销,一线,新客
U02188,2024-10-13,内容营销,三线,老客带新
U02189,2023-10-25,自然搜索,一线,新客
U02190,2024-03-05,付费广告,三线,新客
U02191,2023-02-05,自然搜索,一线,新客
U02192,2023-06-07,内容营销,四线及以下,新客
U02193,2024-09-17,付费广告,三线,新客
U02194,2023-01-24,社交媒体,三线,新客
U02195,2023-07-20,社交媒体,一线,新客
U02196,2023-12-13,付费广告,四线及以下,新客
U02197,2024-04-06,付费广告,三线,新客
U02198,2024-08-27,内容营销,三线,新客
U02199,2024-01-03,内容营销,二线,新客
U02200,2023-04-16,付费广告,三线,新客
U02201,2024-07-03,付费广告,一线,新客
U02202,2023-11-05,内容营销,二线,新客
U02203,2023-01-24,自然搜索,三线,老客带新
U02204,2024-11-29,付费广告,二线,新客
U02205,2024-01-18,自然搜索,一线,新客
U02206,2023-04-09,付费广告,二线,新客
U02207,2023-03-11,自然搜索,三线,新客
U02208,2023-02-02,付费广告,一线,新客
U02209,2024-01-11,自然搜索,一线,新客
U02210,2024-11-03,付费广告,一线,新客
U02211,2023-04-27,内容营销,三线,新客
U02212,2023-08-08,口碑推荐,一线,新客
U02213,2024-10-27,口碑推荐,三线,新客
U02214,2024-12-11,社交媒体,二线,老客带新
U02215,2024-06-05,自然搜索,三线,老客带新
U02216,2024-03-24,自然搜索,四线及以下,新客
U02217,2024-10-01,内容营销,一线,新客
U02218,2024-05-22,付费广告,二线,新客
U02219,2023-12-04,自然搜索,三线,新客
U02220,2023-10-23,社交媒体,一线,新客
U02221,2023-10-25,付费广告,一线,新客
U02222,2024-01-15,付费广告,三线,新客
U02223,2023-11-10,内容营销,四线及以下,新客
U02224,2024-08-31,内容营销,二线,新客
U02225,2023-08-03,付费广告,一线,新客
U02226,2024-03-24,内容营销,二线,新客
U02227,2023-11-08,社交媒体,一线,新客
U02228,2023-01-18,社交媒体,三线,新客
U02229,2024-03-16,自然搜索,三线,新客
U02230,2023-06-24,自然搜索,四线及以下,新客
U02231,2024-10-20,社交媒体,一线,新客
U02232,2024-03-05,内容营销,二线,新客
U02233,2024-02-13,社交媒体,一线,新客
U02234,2024-05-13,自然搜索,二线,新客
U02235,2023-05-21,自然搜索,三线,新客
U02236,2024-08-02,口碑推荐,一线,新客
U02237,2023-11-21,自然搜索,三线,新客
U02238,2024-09-23,付费广告,三线,新客
U02239,2024-05-31,自然搜索,四线及以下,老客带新
U02240,2023-02-15,自然搜索,三线,新客
U02241,2024-09-06,社交媒体,三线,新客
U02242,2023-05-07,社交媒体,二线,新客
U02243,2023-06-22,付费广告,一线,新客
U02244,2024-06-08,自然搜索,二线,新客
U02245,2023-10-12,口碑推荐,二线,新客
U02246,2023-12-30,自然搜索,三线,新客
U02247,2023-06-08,付费广告,三线,老客带新
U02248,2023-12-10,内容营销,二线,新客
U02249,2023-11-09,自然搜索,一线,新客
U02250,2023-01-18,内容营销,一线,新客
U02251,2024-04-06,自然搜索,三线,新客
U02252,2024-01-14,社交媒体,三线,新客
U02253,2023-11-25,付费广告,三线,新客
U02254,2023-12-03,内容营销,二线,新客
U02255,2023-09-14,付费广告,一线,新客
U02256,2023-04-04,付费广告,三线,新客
U02257,2024-04-19,内容营销,三线,新客
U02258,2023-12-08,付费广告,二线,新客
U02259,2023-05-26,付费广告,三线,新客
U02260,2024-06-13,付费广告,二线,新客
U02261,2024-11-14,社交媒体,三线,老客带新
U02262,2023-06-22,自然搜索,三线,新客
U02263,2024-06-20,自然搜索,三线,新客
U02264,2023-06-04,社交媒体,二线,新客
U02265,2023-12-16,付费广告,二线,新客
U02266,2023-02-17,内容营销,三线,新客
U02267,2023-11-08,内容营销,三线,新客
U02268,2024-09-08,社交媒体,二线,新客
U02269,2023-02-02,口碑推荐,三线,新客
U02270,2024-10-30,社交媒体,一线,新客
U02271,2024-01-06,自然搜索,四线及以下,老客带新
U02272,2023-08-03,口碑推荐,三线,老客带新
U02273,2024-02-26,自然搜索,二线,新客
U02274,2023-11-04,付费广告,二线,新客
U02275,2024-05-22,口碑推荐,一线,新客
U02276,2024-08-17,付费广告,一线,老客带新
U02277,2024-06-16,内容营销,一线,新客
U02278,2024-10-04,自然搜索,三线,新客
U02279,2023-09-03,社交媒体,四线及以下,新客
U02280,2023-10-02,自然搜索,二线,新客
U02281,2023-05-29,社交媒体,二线,新客
U02282,2023-10-09,口碑推荐,二线,老客带新
U02283,2024-09-16,社交媒体,一线,新客
U02284,2023-10-26,付费广告,一线,新客
U02285,2023-08-01,自然搜索,三线,新客
U02286,2024-10-30,自然搜索,四线及以下,老客带新
U02287,2024-04-22,社交媒体,二线,新客
U02288,2024-09-27,内容营销,三线,新客
U02289,2023-03-14,自然搜索,四线及以下,老客带新
U02290,2024-01-09,社交媒体,一线,新客
U02291,2023-10-02,内容营销,三线,新客
U02292,2023-09-20,付费广告,三线,新客
U02293,2024-12-14,社交媒体,二线,老客带新
U02294,2023-02-19,口碑推荐,一线,老客带新
U02295,2023-01-26,付费广告,三线,新客
U02296,2023-07-17,付费广告,三线,新客
U02297,2023-03-22,自然搜索,一线,新客
U02298,2024-08-14,内容营销,二线,新客
U02299,2023-03-05,内容营销,一线,新客
U02300,2024-05-02,口碑推荐,四线及以下,新客
U02301,2024-02-12,自然搜索,二线,新客
U02302,2024-06-07,付费广告,三线,新客
U02303,2024-08-13,自然搜索,二线,新客
U02304,2024-09-19,自然搜索,一线,新客
U02305,2024-05-29,社交媒体,一线,新客
U02306,2023-01-19,内容营销,一线,老客带新
U02307,2023-01-27,内容营销,一线,新客
U02308,2024-01-16,社交媒体,二线,老客带新
U02309,2024-08-16,自然搜索,一线,新客
U02310,2023-10-25,付费广告,二线,新客
U02311,2023-11-06,付费广告,二线,新客
U02312,2023-09-03,口碑推荐,二线,新客
U02313,2023-01-18,口碑推荐,三线,新客
U02314,2024-09-24,付费广告,三线,新客
U02315,2024-12-04,付费广告,四线及以下,新客
U02316,2023-09-02,自然搜索,一线,新客
U02317,2023-05-12,付费广告,二线,新客
U02318,2024-12-10,付费广告,二线,新客
U02319,2024-08-26,自然搜索,二线,新客
U02320,2023-12-23,付费广告,三线,新客
U02321,2024-07-13,内容营销,二线,新客
U02322,2024-01-24,社交媒体,二线,老客带新
U02323,2023-07-15,自然搜索,二线,新客
U02324,2024-10-29,自然搜索,四线及以下,新客
U02325,2023-08-04,付费广告,四线及以下,新客
U02326,2024-09-06,付费广告,二线,新客
U02327,2023-04-24,付费广告,一线,新客
U02328,2023-10-18,付费广告,三线,老客带新
U02329,2024-03-14,社交媒体,四线及以下,新客
U02330,2024-08-06,口碑推荐,一线,新客
U02331,2023-08-08,付费广告,二线,新客
U02332,2024-04-14,口碑推荐,四线及以下,新客
U02333,2024-04-02,付费广告,三线,新客
U02334,2024-02-23,自然搜索,一线,新客
U02335,2024-02-20,社交媒体,二线,新客
U02336,2023-04-27,社交媒体,四线及以下,新客
U02337,2024-02-28,内容营销,三线,新客
U02338,2023-05-02,社交媒体,三线,新客
U02339,2023-03-17,内容营销,三线,新客
U02340,2024-12-18,内容营销,一线,新客
U02341,2023-08-03,社交媒体,三线,新客
U02342,2023-02-24,付费广告,一线,新客
U02343,2024-12-01,社交媒体,四线及以下,新客
U02344,2023-04-04,内容营销,二线,新客
U02345,2023-02-25,口碑推荐,四线及以下,老客带新
U02346,2024-05-18,自然搜索,一线,新客
U02347,2024-09-16,口碑推荐,二线,新客
U02348,2024-08-16,自然搜索,一线,新客
U02349,2024-01-01,付费广告,三线,新客
U02350,2024-09-01,自然搜索,三线,老客带新
U02351,2024-09-28,社交媒体,三线,新客
U02352,2023-05-26,内容营销,二线,新客
U02353,2023-10-06,付费广告,一线,新客
U02354,2023-07-07,自然搜索,四线及以下,新客
U02355,2023-06-21,付费广告,三线,新客
U02356,2024-07-27,社交媒体,三线,新客
U02357,2024-07-16,付费广告,三线,新客
U02358,2024-02-29,付费广告,三线,新客
U02359,2023-12-03,自然搜索,二线,新客
U02360,2024-06-28,付费广告,三线,新客
U02361,2024-03-05,付费广告,三线,新客
U02362,2023-05-14,社交媒体,四线及以下,新客
U02363,2024-11-17,自然搜索,三线,新客
U02364,2024-05-30,社交媒体,一线,新客
U02365,2024-04-22,自然搜索,二线,新客
U02366,2024-07-08,付费广告,一线,新客
U02367,2024-04-22,付费广告,一线,新客
U02368,2024-03-18,社交媒体,三线,新客
U02369,2023-04-08,内容营销,四线及以下,新客
U02370,2024-04-19,内容营销,一线,老客带新
U02371,2024-10-13,社交媒体,二线,新客
U02372,2024-10-13,付费广告,四线及以下,新客
U02373,2023-08-16,口碑推荐,三线,老客带新
U02374,2024-04-22,社交媒体,二线,新客
U02375,2024-11-01,自然搜索,三线,新客
U02376,2023-10-25,口碑推荐,二线,新客
U02377,2023-02-09,付费广告,一线,新客
U02378,2024-05-06,自然搜索,一线,新客
U02379,2023-10-20,付费广告,一线,新客
U02380,2024-04-29,付费广告,二线,新客
U02381,2024-04-15,付费广告,四线及以下,新客
U02382,2024-03-21,自然搜索,三线,新客
U02383,2024-08-28,自然搜索,二线,新客
U02384,2023-06-17,自然搜索,二线,老客带新
U02385,2023-01-26,社交媒体,一线,老客带新
U02386,2024-06-28,社交媒体,三线,新客
U02387,2024-05-04,付费广告,三线,老客带新
U02388,2024-11-23,自然搜索,一线,新客
U02389,2023-08-14,自然搜索,一线,老客带新
U02390,2023-07-27,内容营销,三线,新客
U02391,2023-06-01,付费广告,二线,新客
U02392,2024-03-19,付费广告,二线,新客
U02393,2023-07-25,自然搜索,三线,新客
U02394,2024-04-27,社交媒体,二线,新客
U02395,2023-09-07,付费广告,一线,老客带新
U02396,2024-01-02,自然搜索,二线,新客
U02397,2023-06-20,自然搜索,二线,新客
U02398,2024-08-14,付费广告,四线及以下,新客
U02399,2023-03-19,口碑推荐,四线及以下,新客
U02400,2024-05-07,内容营销,四线及以下,新客
U02401,2024-04-10,社交媒体,三线,新客
U02402,2024-01-19,社交媒体,二线,新客
U02403,2023-01-18,自然搜索,三线,新客
U02404,2023-03-28,社交媒体,四线及以下,新客
U02405,2024-02-29,社交媒体,一线,新客
U02406,2023-04-19,自然搜索,二线,新客
U02407,2024-05-14,内容营销,三线,新客
U02408,2023-11-17,自然搜索,三线,新客
U02409,2023-03-10,付费广告,一线,老客带新
U02410,2024-02-21,社交媒体,二线,新客
U02411,2023-01-15,社交媒体,三线,新客
U02412,2023-02-23,社交媒体,二线,新客
U02413,2023-04-25,自然搜索,三线,新客
U02414,2024-06-30,口碑推荐,二线,新客
U02415,2023-01-18,付费广告,四线及以下,新客
U02416,2023-08-18,付费广告,二线,新客
U02417,2024-08-24,内容营销,二线,新客
U02418,2023-05-28,社交媒体,一线,新客
U02419,2024-04-01,自然搜索,一线,新客
U02420,2023-08-12,口碑推荐,三线,新客
U02421,2024-03-29,自然搜索,二线,新客
U02422,2024-07-06,自然搜索,二线,老客带新
U02423,2024-04-22,付费广告,一线,新客
U02424,2023-11-07,内容营销,三线,新客
U02425,2024-07-28,自然搜索,三线,新客
U02426,2023-12-20,社交媒体,一线,新客
U02427,2023-02-24,自然搜索,三线,老客带新
U02428,2024-10-11,社交媒体,三线,新客
U02429,2023-05-09,付费广告,三线,新客
U02430,2023-07-14,社交媒体,二线,新客
U02431,2024-12-14,自然搜索,三线,新客
U02432,2023-03-20,社交媒体,一线,新客
U02433,2024-04-18,内容营销,二线,新客
U02434,2024-07-13,社交媒体,一线,新客
U02435,2024-06-14,付费广告,二线,新客
U02436,2024-04-03,内容营销,一线,新客
U02437,2023-01-18,自然搜索,四线及以下,老客带新
U02438,2023-12-18,社交媒体,二线,新客
U02439,2023-11-02,内容营销,一线,新客
U02440,2023-12-14,自然搜索,二线,新客
U02441,2023-06-01,付费广告,一线,新客
U02442,2023-05-26,自然搜索,二线,新客
U02443,2024-01-31,社交媒体,二线,新客
U02444,2024-10-16,社交媒体,一线,新客
U02445,2023-01-19,付费广告,一线,新客
U02446,2024-04-04,付费广告,二线,新客
U02447,2024-07-16,付费广告,一线,新客
U02448,2023-05-28,付费广告,三线,新客
U02449,2023-02-15,自然搜索,三线,新客
U02450,2023-07-04,内容营销,三线,新客
U02451,2023-01-14,自然搜索,二线,新客
U02452,2024-08-15,内容营销,二线,新客
U02453,2023-07-15,社交媒体,四线及以下,新客
U02454,2024-11-05,付费广告,一线,新客
U02455,2024-11-10,社交媒体,一线,新客
U02456,2024-10-16,付费广告,一线,新客
U02457,2024-08-17,付费广告,一线,新客
U02458,2024-06-04,自然搜索,一线,新客
U02459,2023-09-23,付费广告,三线,新客
U02460,2023-08-25,自然搜索,二线,新客
U02461,2023-10-15,自然搜索,四线及以下,老客带新
U02462,2023-02-06,付费广告,一线,新客
U02463,2023-05-29,自然搜索,二线,新客
U02464,2023-09-03,付费广告,四线及以下,新客
U02465,2024-06-20,自然搜索,三线,老客带新
U02466,2024-08-02,自然搜索,二线,新客
U02467,2024-05-22,自然搜索,二线,新客
U02468,2024-05-07,内容营销,三线,新客
U02469,2023-07-27,自然搜索,二线,老客带新
U02470,2023-03-12,社交媒体,一线,老客带新
U02471,2023-02-25,自然搜索,三线,老客带新
U02472,2023-03-18,内容营销,二线,新客
U02473,2023-02-28,自然搜索,一线,新客
U02474,2024-12-01,内容营销,二线,老客带新
U02475,2023-06-22,社交媒体,二线,老客带新
U02476,2023-11-20,自然搜索,四线及以下,新客
U02477,2023-07-27,内容营销,一线,新客
U02478,2024-03-02,付费广告,四线及以下,新客
U02479,2024-08-20,付费广告,二线,老客带新
U02480,2023-09-20,口碑推荐,二线,老客带新
U02481,2024-08-05,内容营销,一线,老客带新
U02482,2024-07-14,付费广告,三线,老客带新
U02483,2023-03-17,付费广告,四线及以下,老客带新
U02484,2023-02-21,口碑推荐,二线,新客
U02485,2023-02-22,社交媒体,一线,新客
U02486,2023-03-08,内容营销,二线,新客
U02487,2024-03-23,社交媒体,三线,新客
U02488,2023-10-07,自然搜索,一线,新客
U02489,2023-01-17,内容营销,三线,老客带新
U02490,2023-06-09,自然搜索,二线,新客
U02491,2023-04-28,付费广告,二线,新客
U02492,2023-02-04,付费广告,二线,新客
U02493,2023-01-20,社交媒体,一线,新客
U02494,2023-10-19,自然搜索,三线,新客
U02495,2024-03-23,口碑推荐,三线,新客
U02496,2024-10-11,付费广告,二线,新客
U02497,2024-04-16,付费广告,二线,新客
U02498,2024-12-13,口碑推荐,一线,新客
U02499,2023-04-03,付费广告,三线,新客
U02500,2024-01-24,自然搜索,二线,新客
U02501,2023-01-18,自然搜索,二线,新客
U02502,2023-12-31,内容营销,二线,新客
U02503,2023-07-17,自然搜索,二线,新客
U02504,2023-09-02,付费广告,一线,老客带新
U02505,2024-06-25,付费广告,一线,新客
U02506,2023-10-02,付费广告,一线,新客
U02507,2023-09-11,自然搜索,三线,新客
U02508,2024-02-05,付费广告,一线,新客
U02509,2023-06-16,付费广告,一线,新客
U02510,2023-06-17,内容营销,三线,新客
U02511,2023-10-16,自然搜索,一线,新客
U02512,2024-10-10,付费广告,三线,新客
U02513,2023-03-22,付费广告,二线,新客
U02514,2024-09-17,付费广告,一线,新客
U02515,2024-03-11,社交媒体,二线,新客
U02516,2023-04-28,自然搜索,一线,老客带新
U02517,2023-09-25,自然搜索,三线,新客
U02518,2024-07-18,社交媒体,二线,新客
U02519,2024-05-06,付费广告,一线,新客
U02520,2023-09-08,付费广告,一线,老客带新
U02521,2024-06-14,自然搜索,二线,新客
U02522,2024-01-04,自然搜索,一线,新客
U02523,2023-07-17,自然搜索,一线,新客
U02524,2024-09-15,自然搜索,二线,新客
U02525,2024-03-16,社交媒体,三线,新客
U02526,2024-02-26,内容营销,二线,新客
U02527,2024-01-31,付费广告,三线,新客
U02528,2023-11-13,付费广告,四线及以下,新客
U02529,2023-02-08,自然搜索,一线,新客
U02530,2023-11-15,付费广告,三线,新客
U02531,2023-03-28,自然搜索,三线,新客
U02532,2023-01-12,内容营销,二线,新客
U02533,2024-04-13,社交媒体,四线及以下,老客带新
U02534,2024-04-18,内容营销,一线,新客
U02535,2023-10-16,内容营销,一线,老客带新
U02536,2023-06-19,付费广告,三线,新客
U02537,2023-04-28,付费广告,二线,新客
U02538,2024-01-20,自然搜索,二线,新客
U02539,2024-01-29,付费广告,一线,新客
U02540,2023-10-04,内容营销,三线,新客
U02541,2023-01-24,自然搜索,三线,新客
U02542,2024-12-18,内容营销,二线,新客
U02543,2024-02-03,付费广告,四线及以下,新客
U02544,2024-07-08,内容营销,二线,新客
U02545,2023-10-15,内容营销,一线,新客
U02546,2023-09-04,社交媒体,三线,新客
U02547,2023-11-22,社交媒体,三线,新客
U02548,2023-07-17,付费广告,一线,老客带新
U02549,2023-01-23,口碑推荐,一线,新客
U02550,2023-05-10,内容营销,三线,新客
U02551,2024-06-18,口碑推荐,四线及以下,老客带新
U02552,2024-08-25,社交媒体,三线,新客
U02553,2023-11-24,社交媒体,一线,新客
U02554,2023-06-26,口碑推荐,四线及以下,老客带新
U02555,2023-08-03,付费广告,四线及以下,新客
U02556,2024-06-22,口碑推荐,二线,新客
U02557,2023-11-02,付费广告,三线,新客
U02558,2024-03-24,自然搜索,三线,新客
U02559,2024-05-27,付费广告,四线及以下,老客带新
U02560,2024-10-03,付费广告,三线,新客
U02561,2023-12-31,自然搜索,三线,新客
U02562,2024-09-29,自然搜索,三线,新客
U02563,2023-11-19,付费广告,二线,新客
U02564,2024-11-25,自然搜索,三线,新客
U02565,2024-02-26,付费广告,三线,老客带新
U02566,2024-10-25,社交媒体,四线及以下,新客
U02567,2024-02-01,内容营销,二线,新客
U02568,2024-06-19,社交媒体,二线,老客带新
U02569,2023-01-07,内容营销,二线,新客
U02570,2023-06-21,社交媒体,三线,老客带新
U02571,2024-03-31,付费广告,三线,新客
U02572,2024-05-05,社交媒体,一线,新客
U02573,2024-09-10,社交媒体,二线,新客
U02574,2023-07-03,付费广告,一线,老客带新
U02575,2024-01-11,自然搜索,一线,新客
U02576,2024-08-12,社交媒体,三线,新客
U02577,2023-03-06,自然搜索,一线,新客
U02578,2023-05-02,社交媒体,二线,新客
U02579,2023-04-13,自然搜索,一线,新客
U02580,2024-12-01,社交媒体,一线,老客带新
U02581,2024-11-16,付费广告,三线,老客带新
U02582,2024-09-18,自然搜索,二线,新客
U02583,2024-08-17,付费广告,四线及以下,新客
U02584,2024-01-19,社交媒体,二线,新客
U02585,2024-02-18,口碑推荐,一线,新客
U02586,2023-05-05,内容营销,二线,新客
U02587,2024-02-05,付费广告,三线,老客带新
U02588,2024-05-05,社交媒体,二线,老客带新
U02589,2023-07-16,付费广告,四线及以下,新客
U02590,2023-01-18,付费广告,三线,新客
U02591,2024-09-01,自然搜索,二线,新客
U02592,2023-06-19,社交媒体,三线,新客
U02593,2023-12-30,付费广告,四线及以下,新客
U02594,2023-07-22,自然搜索,二线,老客带新
U02595,2023-09-20,社交媒体,一线,老客带新
U02596,2023-05-11,社交媒体,三线,老客带新
U02597,2024-11-08,付费广告,二线,老客带新
U02598,2023-12-20,自然搜索,四线及以下,新客
U02599,2024-03-29,付费广告,二线,新客
U02600,2024-10-01,付费广告,一线,新客
U02601,2024-03-01,社交媒体,四线及以下,新客
U02602,2024-11-04,付费广告,三线,新客
U02603,2024-02-15,社交媒体,一线,新客
U02604,2024-03-12,内容营销,四线及以下,新客
U02605,2024-11-04,自然搜索,二线,新客
U02606,2024-05-18,内容营销,二线,新客
U02607,2023-08-20,付费广告,四线及以下,新客
U02608,2023-02-05,付费广告,二线,新客
U02609,2023-06-12,付费广告,一线,新客
U02610,2024-06-16,自然搜索,二线,新客
U02611,2024-09-23,自然搜索,三线,新客
U02612,2024-05-06,付费广告,一线,新客
U02613,2023-10-17,口碑推荐,二线,新客
U02614,2024-02-21,内容营销,三线,新客
U02615,2023-10-13,社交媒体,二线,老客带新
U02616,2024-06-28,自然搜索,三线,新客
U02617,2023-02-09,社交媒体,四线及以下,新客
U02618,2023-10-26,社交媒体,二线,老客带新
U02619,2023-11-11,口碑推荐,二线,老客带新
U02620,2023-07-23,口碑推荐,一线,新客
U02621,2024-03-18,内容营销,三线,新客
U02622,2024-07-16,付费广告,四线及以下,新客
U02623,2024-03-24,社交媒体,二线,新客
U02624,2024-11-29,付费广告,二线,新客
U02625,2023-11-06,内容营销,二线,老客带新
U02626,2024-02-26,自然搜索,二线,老客带新
U02627,2023-01-20,自然搜索,一线,新客
U02628,2023-03-12,自然搜索,三线,新客
U02629,2023-08-14,口碑推荐,一线,老客带新
U02630,2023-09-29,付费广告,三线,新客
U02631,2024-05-27,付费广告,二线,新客
U02632,2024-07-07,内容营销,二线,新客
U02633,2024-09-23,内容营销,一线,新客
U02634,2023-02-16,付费广告,三线,新客
U02635,2024-03-09,自然搜索,一线,新客
U02636,2024-04-12,口碑推荐,一线,新客
U02637,2024-08-30,内容营销,二线,新客
U02638,2024-12-17,付费广告,三线,新客
U02639,2024-05-02,社交媒体,一线,新客
U02640,2024-01-01,付费广告,一线,新客
U02641,2024-04-28,口碑推荐,三线,新客
U02642,2023-07-26,社交媒体,三线,新客
U02643,2024-05-02,付费广告,一线,新客
U02644,2024-08-24,自然搜索,三线,新客
U02645,2024-05-12,内容营销,二线,老客带新
U02646,2023-11-22,社交媒体,三线,新客
U02647,2023-03-17,自然搜索,四线及以下,老客带新
U02648,2024-09-03,社交媒体,一线,新客
U02649,2024-04-20,社交媒体,三线,新客
U02650,2024-10-20,付费广告,二线,老客带新
U02651,2023-09-22,社交媒体,二线,老客带新
U02652,2024-11-22,社交媒体,三线,老客带新
U02653,2024-10-08,内容营销,四线及以下,新客
U02654,2023-09-17,自然搜索,一线,新客
U02655,2023-12-16,自然搜索,一线,新客
U02656,2024-10-01,自然搜索,一线,新客
U02657,2023-07-14,社交媒体,四线及以下,新客
U02658,2024-07-13,社交媒体,三线,新客
U02659,2023-02-09,内容营销,三线,新客
U02660,2024-01-11,社交媒体,一线,新客
U02661,2023-03-13,付费广告,四线及以下,新客
U02662,2024-09-06,内容营销,三线,新客
U02663,2023-08-17,付费广告,三线,老客带新
U02664,2024-07-10,口碑推荐,二线,新客
U02665,2023-02-08,付费广告,一线,新客
U02666,2024-09-28,社交媒体,二线,老客带新
U02667,2023-12-12,社交媒体,三线,新客
U02668,2023-08-03,社交媒体,一线,新客
U02669,2024-03-24,自然搜索,三线,新客
U02670,2024-08-18,付费广告,一线,新客
U02671,2024-05-08,社交媒体,三线,新客
U02672,2024-05-27,口碑推荐,二线,新客
U02673,2024-01-09,付费广告,一线,新客
U02674,2024-10-07,内容营销,二线,新客
U02675,2024-08-20,付费广告,二线,新客
U02676,2023-10-01,付费广告,一线,新客
U02677,2024-06-27,口碑推荐,三线,新客
U02678,2024-10-06,社交媒体,一线,新客
U02679,2023-08-26,内容营销,二线,新客
U02680,2024-10-26,社交媒体,一线,新客
U02681,2024-08-04,付费广告,一线,新客
U02682,2023-11-24,自然搜索,一线,新客
U02683,2023-10-30,付费广告,一线,新客
U02684,2024-05-04,付费广告,二线,新客
U02685,2023-02-24,社交媒体,一线,新客
U02686,2024-03-12,自然搜索,三线,新客
U02687,2023-04-09,自然搜索,一线,新客
U02688,2023-09-24,自然搜索,一线,新客
U02689,2023-05-17,自然搜索,二线,新客
U02690,2024-01-03,付费广告,四线及以下,新客
U02691,2024-08-10,内容营销,三线,新客
U02692,2023-03-07,口碑推荐,三线,老客带新
U02693,2024-07-06,社交媒体,一线,新客
U02694,2023-07-28,口碑推荐,三线,新客
U02695,2023-09-26,付费广告,一线,新客
U02696,2023-06-26,内容营销,一线,新客
U02697,2024-05-11,自然搜索,三线,老客带新
U02698,2024-10-25,付费广告,二线,新客
U02699,2024-09-18,社交媒体,四线及以下,新客
U02700,2023-04-11,自然搜索,一线,新客
U02701,2023-05-22,社交媒体,四线及以下,新客
U02702,2024-10-02,付费广告,三线,新客
U02703,2023-12-07,口碑推荐,二线,新客
U02704,2024-01-07,付费广告,一线,老客带新
U02705,2024-10-08,自然搜索,一线,新客
U02706,2023-08-07,社交媒体,四线及以下,新客
U02707,2023-08-12,付费广告,二线,新客
U02708,2023-02-12,付费广告,三线,新客
U02709,2023-10-10,自然搜索,四线及以下,新客
U02710,2023-11-12,社交媒体,一线,新客
U02711,2024-04-12,社交媒体,二线,新客
U02712,2023-02-18,付费广告,三线,新客
U02713,2023-12-16,内容营销,一线,老客带新
U02714,2024-11-09,内容营销,一线,新客
U02715,2024-05-01,社交媒体,二线,新客
U02716,2024-02-28,社交媒体,二线,新客
U02717,2023-06-03,付费广告,三线,新客
U02718,2023-01-14,社交媒体,一线,新客
U02719,2024-09-18,自然搜索,四线及以下,新客
U02720,2024-02-08,自然搜索,一线,新客
U02721,2023-04-08,内容营销,三线,新客
U02722,2024-10-02,社交媒体,二线,新客
U02723,2023-07-21,付费广告,一线,新客
U02724,2024-03-11,付费广告,一线,新客
U02725,2023-04-24,社交媒体,三线,新客
U02726,2024-10-28,自然搜索,四线及以下,新客
U02727,2024-12-11,自然搜索,一线,新客
U02728,2023-05-21,自然搜索,二线,新客
U02729,2023-11-28,付费广告,二线,新客
U02730,2023-07-31,社交媒体,一线,新客
U02731,2023-05-23,自然搜索,三线,新客
U02732,2023-06-21,社交媒体,三线,新客
U02733,2023-03-17,自然搜索,二线,新客
U02734,2023-05-29,社交媒体,四线及以下,老客带新
U02735,2024-12-05,内容营销,一线,老客带新
U02736,2024-06-10,社交媒体,三线,老客带新
U02737,2023-06-25,内容营销,二线,新客
U02738,2024-12-05,内容营销,二线,新客
U02739,2024-11-29,付费广告,二线,新客
U02740,2023-07-08,社交媒体,一线,新客
U02741,2024-01-02,内容营销,三线,新客
U02742,2024-05-27,付费广告,三线,新客
U02743,2023-08-10,付费广告,一线,新客
U02744,2023-01-23,内容营销,三线,新客
U02745,2023-06-16,社交媒体,二线,新客
U02746,2024-08-05,自然搜索,三线,新客
U02747,2023-11-24,付费广告,一线,新客
U02748,2023-10-01,口碑推荐,一线,老客带新
U02749,2024-01-23,付费广告,二线,新客
U02750,2023-03-17,社交媒体,二线,新客
U02751,2024-04-08,口碑推荐,三线,新客
U02752,2024-04-28,社交媒体,二线,新客
U02753,2024-08-04,付费广告,一线,新客
U02754,2024-09-11,社交媒体,二线,新客
U02755,2024-10-03,社交媒体,三线,新客
U02756,2024-04-16,社交媒体,三线,新客
U02757,2023-03-24,付费广告,一线,新客
U02758,2023-06-14,付费广告,一线,新客
U02759,2024-12-09,内容营销,三线,新客
U02760,2024-04-29,自然搜索,一线,新客
U02761,2024-11-06,付费广告,一线,新客
U02762,2023-11-23,付费广告,一线,新客
U02763,2023-03-05,口碑推荐,二线,新客
U02764,2024-03-31,自然搜索,二线,新客
U02765,2024-09-02,付费广告,三线,新客
U02766,2024-07-19,自然搜索,一线,新客
U02767,2023-04-20,社交媒体,三线,新客
U02768,2023-10-30,自然搜索,一线,新客
U02769,2023-10-09,付费广告,三线,新客
U02770,2024-08-09,付费广告,二线,老客带新
U02771,2024-07-17,内容营销,二线,新客
U02772,2024-12-02,付费广告,一线,新客
U02773,2024-01-28,自然搜索,一线,新客
U02774,2024-11-19,付费广告,二线,新客
U02775,2023-05-28,内容营销,三线,新客
U02776,2023-05-20,社交媒体,一线,新客
U02777,2024-09-04,内容营销,四线及以下,新客
U02778,2024-05-29,口碑推荐,四线及以下,新客
U02779,2024-10-09,自然搜索,二线,新客
U02780,2023-10-18,社交媒体,四线及以下,老客带新
U02781,2023-06-25,付费广告,一线,新客
U02782,2024-02-06,社交媒体,一线,新客
U02783,2023-11-15,付费广告,一线,新客
U02784,2024-11-13,付费广告,二线,新客
U02785,2024-06-18,内容营销,一线,新客
U02786,2024-11-02,自然搜索,四线及以下,新客
U02787,2024-09-04,内容营销,一线,新客
U02788,2023-05-24,自然搜索,二线,新客
U02789,2023-09-25,自然搜索,三线,新客
U02790,2023-09-20,内容营销,一线,老客带新
U02791,2023-10-20,社交媒体,一线,新客
U02792,2024-06-25,社交媒体,三线,新客
U02793,2023-07-04,自然搜索,一线,老客带新
U02794,2023-01-16,付费广告,一线,新客
U02795,2023-08-11,社交媒体,一线,老客带新
U02796,2024-10-14,社交媒体,二线,新客
U02797,2024-06-09,付费广告,四线及以下,新客
U02798,2024-05-09,内容营销,三线,老客带新
U02799,2024-02-13,社交媒体,一线,新客
U02800,2024-08-11,内容营销,二线,老客带新
U02801,2024-03-27,社交媒体,二线,新客
U02802,2024-11-18,社交媒体,四线及以下,老客带新
U02803,2023-11-12,自然搜索,一线,新客
U02804,2023-12-05,付费广告,二线,新客
U02805,2024-10-12,内容营销,三线,新客
U02806,2023-06-03,自然搜索,四线及以下,老客带新
U02807,2024-12-17,自然搜索,一线,新客
U02808,2024-01-09,付费广告,一线,新客
U02809,2023-02-05,自然搜索,一线,新客
U02810,2024-05-01,内容营销,一线,新客
U02811,2023-02-04,内容营销,三线,新客
U02812,2024-10-18,付费广告,三线,新客
U02813,2023-11-05,自然搜索,三线,新客
U02814,2023-12-05,社交媒体,一线,新客
U02815,2023-11-19,社交媒体,一线,老客带新
U02816,2024-08-01,内容营销,一线,新客
U02817,2023-08-25,社交媒体,一线,新客
U02818,2024-05-15,付费广告,三线,新客
U02819,2024-08-16,付费广告,一线,新客
U02820,2024-04-09,内容营销,一线,新客
U02821,2023-11-04,社交媒体,二线,新客
U02822,2024-04-08,社交媒体,二线,新客
U02823,2024-03-20,自然搜索,二线,新客
U02824,2024-04-22,社交媒体,三线,新客
U02825,2024-09-15,口碑推荐,一线,新客
U02826,2024-11-30,付费广告,三线,新客
U02827,2023-03-21,付费广告,二线,新客
U02828,2024-07-29,付费广告,二线,新客
U02829,2023-10-15,付费广告,四线及以下,老客带新
U02830,2024-03-19,自然搜索,一线,新客
U02831,2023-08-14,付费广告,三线,新客
U02832,2024-09-06,社交媒体,一线,新客
U02833,2024-08-21,自然搜索,二线,新客
U02834,2023-07-21,付费广告,三线,新客
U02835,2024-11-03,内容营销,四线及以下,新客
U02836,2024-05-12,社交媒体,三线,新客
U02837,2023-10-17,社交媒体,二线,新客
U02838,2024-02-06,付费广告,一线,新客
U02839,2023-02-18,社交媒体,三线,新客
U02840,2023-07-12,自然搜索,三线,新客
U02841,2023-02-27,口碑推荐,一线,老客带新
U02842,2024-08-11,自然搜索,二线,新客
U02843,2023-06-24,社交媒体,三线,老客带新
U02844,2023-10-18,付费广告,二线,新客
U02845,2024-03-01,社交媒体,二线,新客
U02846,2024-07-27,付费广告,四线及以下,新客
U02847,2023-05-26,付费广告,一线,新客
U02848,2023-08-07,自然搜索,一线,新客
U02849,2023-08-11,社交媒体,三线,新客
U02850,2024-12-14,内容营销,二线,新客
U02851,2023-08-10,口碑推荐,三线,新客
U02852,2024-02-03,自然搜索,一线,新客
U02853,2024-12-19,付费广告,一线,新客
U02854,2023-10-05,内容营销,一线,新客
U02855,2024-04-29,付费广告,四线及以下,新客
U02856,2023-12-31,社交媒体,二线,新客
U02857,2023-05-27,内容营销,二线,新客
U02858,2024-09-26,内容营销,一线,新客
U02859,2024-05-31,付费广告,一线,老客带新
U02860,2024-12-15,付费广告,二线,新客
U02861,2024-11-13,付费广告,一线,新客
U02862,2023-02-23,社交媒体,二线,新客
U02863,2023-11-25,付费广告,二线,新客
U02864,2024-01-31,自然搜索,三线,新客
U02865,2023-06-10,付费广告,三线,新客
U02866,2023-08-13,自然搜索,二线,新客
U02867,2024-11-24,社交媒体,一线,新客
U02868,2023-12-13,社交媒体,三线,新客
U02869,2024-11-08,付费广告,三线,新客
U02870,2023-01-24,付费广告,一线,新客
U02871,2023-10-23,内容营销,四线及以下,新客
U02872,2024-11-01,自然搜索,一线,新客
U02873,2024-09-16,口碑推荐,一线,新客
U02874,2023-02-09,内容营销,一线,新客
U02875,2024-10-05,付费广告,四线及以下,新客
U02876,2024-04-13,社交媒体,二线,新客
U02877,2024-07-06,内容营销,三线,新客
U02878,2023-08-16,自然搜索,一线,新客
U02879,2024-03-06,付费广告,二线,新客
U02880,2024-03-11,付费广告,二线,新客
U02881,2024-10-29,付费广告,三线,新客
U02882,2024-01-13,口碑推荐,一线,新客
U02883,2023-09-06,内容营销,一线,老客带新
U02884,2024-08-19,口碑推荐,一线,新客
U02885,2024-09-10,自然搜索,四线及以下,新客
U02886,2024-01-12,自然搜索,二线,新客
U02887,2023-09-10,社交媒体,二线,新客
U02888,2023-12-03,自然搜索,二线,新客
U02889,2024-07-22,社交媒体,四线及以下,新客
U02890,2023-07-25,付费广告,四线及以下,老客带新
U02891,2023-03-18,社交媒体,三线,新客
U02892,2024-06-10,社交媒体,一线,新客
U02893,2024-10-29,付费广告,一线,新客
U02894,2023-04-28,自然搜索,四线及以下,老客带新
U02895,2023-08-12,付费广告,二线,新客
U02896,2024-01-13,付费广告,一线,新客
U02897,2024-04-30,社交媒体,二线,新客
U02898,2023-06-19,口碑推荐,四线及以下,新客
U02899,2024-01-21,口碑推荐,二线,新客
U02900,2024-02-17,内容营销,二线,新客
U02901,2023-04-29,付费广告,三线,新客
U02902,2023-07-08,自然搜索,二线,新客
U02903,2024-01-23,付费广告,一线,新客
U02904,2023-06-06,社交媒体,四线及以下,新客
U02905,2024-12-19,付费广告,四线及以下,新客
U02906,2024-08-26,口碑推荐,三线,新客
U02907,2023-03-15,付费广告,三线,新客
U02908,2024-09-24,内容营销,一线,新客
U02909,2024-04-17,内容营销,四线及以下,新客
U02910,2023-06-08,自然搜索,一线,新客
U02911,2024-10-30,付费广告,三线,新客
U02912,2023-06-14,社交媒体,四线及以下,新客
U02913,2023-03-12,付费广告,三线,新客
U02914,2023-03-29,付费广告,三线,新客
U02915,2023-12-14,社交媒体,三线,新客
U02916,2023-05-21,自然搜索,一线,老客带新
U02917,2023-09-19,社交媒体,三线,新客
U02918,2024-07-31,社交媒体,一线,新客
U02919,2024-09-26,自然搜索,二线,新客
U02920,2024-01-09,付费广告,一线,新客
U02921,2023-10-16,付费广告,二线,新客
U02922,2024-05-15,社交媒体,三线,新客
U02923,2024-08-06,自然搜索,四线及以下,新客
U02924,2024-05-17,内容营销,二线,老客带新
U02925,2023-04-02,付费广告,二线,新客
U02926,2023-01-16,自然搜索,二线,新客
U02927,2024-01-13,付费广告,四线及以下,新客
U02928,2024-12-17,付费广告,二线,新客
U02929,2023-08-17,付费广告,三线,老客带新
U02930,2024-01-19,社交媒体,四线及以下,新客
U02931,2024-02-03,付费广告,二线,新客
U02932,2023-08-26,自然搜索,四线及以下,老客带新
U02933,2024-03-23,自然搜索,四线及以下,新客
U02934,2024-01-03,社交媒体,四线及以下,新客
U02935,2023-05-18,社交媒体,一线,新客
U02936,2024-04-18,付费广告,二线,新客
U02937,2023-02-22,口碑推荐,四线及以下,老客带新
U02938,2024-06-11,付费广告,二线,新客
U02939,2023-07-13,口碑推荐,三线,新客
U02940,2024-06-08,付费广告,一线,老客带新
U02941,2024-06-07,自然搜索,一线,新客
U02942,2023-11-18,内容营销,二线,老客带新
U02943,2024-09-08,付费广告,二线,新客
U02944,2024-11-08,口碑推荐,二线,新客
U02945,2023-08-18,付费广告,二线,新客
U02946,2024-08-08,社交媒体,二线,新客
U02947,2023-09-18,内容营销,三线,新客
U02948,2023-10-10,自然搜索,三线,新客
U02949,2024-09-15,口碑推荐,二线,老客带新
U02950,2024-07-25,社交媒体,二线,新客
U02951,2024-08-02,社交媒体,一线,新客
U02952,2024-10-07,付费广告,二线,新客
U02953,2023-01-13,内容营销,二线,老客带新
U02954,2023-03-13,自然搜索,二线,新客
U02955,2023-02-16,付费广告,二线,新客
U02956,2023-09-13,内容营销,三线,新客
U02957,2023-11-28,口碑推荐,一线,新客
U02958,2024-01-10,自然搜索,四线及以下,老客带新
U02959,2023-08-07,付费广告,一线,新客
U02960,2023-11-28,付费广告,四线及以下,新客
U02961,2023-11-05,付费广告,二线,新客
U02962,2023-10-17,付费广告,二线,新客
U02963,2023-11-04,社交媒体,一线,新客
U02964,2023-11-14,自然搜索,一线,新客
U02965,2023-01-27,口碑推荐,一线,新客
U02966,2024-09-13,口碑推荐,一线,新客
U02967,2023-08-22,付费广告,三线,老客带新
U02968,2024-11-27,付费广告,二线,新客
U02969,2024-10-10,付费广告,三线,新客
U02970,2023-06-05,付费广告,一线,新客
U02971,2024-01-15,社交媒体,四线及以下,新客
U02972,2024-09-30,付费广告,二线,新客
U02973,2023-09-15,社交媒体,一线,新客
U02974,2023-03-21,付费广告,二线,新客
U02975,2023-11-21,付费广告,一线,新客
U02976,2024-05-16,自然搜索,一线,新客
U02977,2024-06-26,自然搜索,二线,新客
U02978,2023-08-18,自然搜索,三线,新客
U02979,2023-07-28,付费广告,四线及以下,新客
U02980,2024-05-01,内容营销,二线,新客
U02981,2024-07-18,口碑推荐,四线及以下,新客
U02982,2023-06-28,付费广告,四线及以下,新客
U02983,2023-02-06,自然搜索,四线及以下,新客
U02984,2024-10-27,自然搜索,二线,新客
U02985,2024-07-14,付费广告,一线,新客
U02986,2023-04-23,付费广告,一线,新客
U02987,2024-05-06,付费广告,三线,新客
U02988,2023-04-27,自然搜索,二线,新客
U02989,2024-01-16,自然搜索,一线,新客
U02990,2024-05-04,自然搜索,二线,老客带新
U02991,2023-04-24,自然搜索,一线,新客
U02992,2024-02-14,社交媒体,三线,新客
U02993,2023-03-16,自然搜索,一线,新客
U02994,2023-08-23,付费广告,三线,新客
U02995,2023-01-11,社交媒体,三线,新客
U02996,2024-06-10,内容营销,一线,新客
U02997,2023-07-31,内容营销,二线,新客
U02998,2023-12-05,社交媒体,三线,新客
U02999,2024-12-07,自然搜索,一线,新客
U03000,2024-05-29,社交媒体,一线,新客
