user_id,order_id,order_date,order_amount,category
U00001,ORD000000,2024-08-15,229.35,家居
U00003,ORD000001,2024-11-13,277.19,食品
U00006,ORD000002,2024-05-25,318.67,食品
U00006,ORD000003,2024-06-08,92.13,服饰
U00020,ORD000004,2024-07-19,72.78,食品
U00030,ORD000005,2024-03-23,256.67,家居
U00043,ORD000006,2024-03-11,142.87,服饰
U00056,ORD000007,2024-12-19,131.34,食品
U00059,ORD000008,2024-03-20,431.61,家居
U00059,ORD000009,2024-04-18,284.93,美妆
U00072,ORD000010,2024-06-12,397.42,服饰
U00077,ORD000011,2024-11-19,148.67,服饰
U00079,ORD000012,2024-08-09,497.25,服饰
U00082,ORD000013,2024-10-15,139.58,美妆
U00088,ORD000014,2024-10-20,223.66,食品
U00088,ORD000015,2024-11-09,242.8,家居
U00090,ORD000016,2024-09-09,419.58,家居
U00090,ORD000017,2024-09-26,210.27,服饰
U00092,ORD000018,2024-11-07,350.28,家居
U00106,ORD000019,2024-07-02,207.79,服饰
U00106,ORD000020,2024-07-21,122.8,食品
U00108,ORD000021,2024-11-14,73.6,家居
U00112,ORD000022,2024-05-28,112.48,数码
U00113,ORD000023,2024-12-18,138.95,食品
U00113,ORD000024,2025-01-15,107.1,服饰
U00137,ORD000025,2024-09-20,469.24,家居
U00140,ORD000026,2024-12-27,433.49,食品
U00142,ORD000027,2024-07-06,439.91,家居
U00149,ORD000028,2024-03-27,478.96,数码
U00158,ORD000029,2024-11-14,62.93,数码
U00165,ORD000030,2024-04-24,468.09,食品
U00168,ORD000031,2024-06-06,241.75,食品
U00170,ORD000032,2024-10-08,423.32,美妆
U00172,ORD000033,2024-02-21,378.36,家居
U00175,ORD000034,2024-10-23,194.17,食品
U00178,ORD000035,2024-08-16,448.34,家居
U00178,ORD000036,2024-09-09,214.75,数码
U00188,ORD000037,2024-09-29,67.78,数码
U00188,ORD000038,2024-10-23,186.98,食品
U00202,ORD000039,2024-04-18,474.21,食品
U00206,ORD000040,2024-02-07,182.29,数码
U00211,ORD000041,2024-09-30,432.29,食品
U00211,ORD000042,2024-10-10,206.44,食品
U00217,ORD000043,2024-07-29,98.36,数码
U00225,ORD000044,2024-07-08,219.66,服饰
U00225,ORD000045,2024-08-05,211.93,食品
U00230,ORD000046,2024-10-18,486.02,美妆
U00234,ORD000047,2024-09-15,273.46,食品
U00238,ORD000048,2024-03-01,353.36,数码
U00238,ORD000049,2024-03-21,299.97,食品
U00240,ORD000050,2024-06-03,459.46,美妆
U00240,ORD000051,2024-06-14,187.04,数码
U00243,ORD000052,2024-12-17,308.01,食品
U00249,ORD000053,2024-12-25,405.14,数码
U00253,ORD000054,2024-12-05,259.84,美妆
U00258,ORD000055,2024-11-01,496.08,数码
U00258,ORD000056,2024-11-15,265.06,数码
U00260,ORD000057,2024-04-25,428.53,服饰
U00261,ORD000058,2024-10-17,481.83,食品
U00267,ORD000059,2024-11-04,229.6,服饰
U00268,ORD000060,2024-11-04,155.86,食品
U00275,ORD000061,2024-09-21,453.11,家居
U00275,ORD000062,2024-10-14,255.39,家居
U00276,ORD000063,2024-09-17,490.62,家居
U00279,ORD000064,2024-11-03,144.6,家居
U00283,ORD000065,2024-08-15,194.93,美妆
U00285,ORD000066,2024-10-06,219.5,服饰
U00291,ORD000067,2024-03-07,157.65,食品
U00291,ORD000068,2024-03-20,59.49,美妆
U00292,ORD000069,2024-03-13,182.44,服饰
U00296,ORD000070,2024-09-21,70.73,服饰
U00300,ORD000071,2024-04-20,238.54,服饰
U00300,ORD000072,2024-05-01,103.72,数码
U00302,ORD000073,2024-09-26,185.26,家居
U00302,ORD000074,2024-10-11,148.47,服饰
U00310,ORD000075,2024-07-12,187.16,食品
U00310,ORD000076,2024-08-08,111.62,食品
U00314,ORD000077,2024-12-28,495.25,数码
U00314,ORD000078,2025-01-22,75.56,数码
U00317,ORD000079,2024-08-24,251.18,数码
U00317,ORD000080,2024-09-15,158.93,美妆
U00324,ORD000081,2024-07-16,55.2,服饰
U00326,ORD000082,2024-11-10,392.4,数码
U00327,ORD000083,2024-10-02,84.9,食品
U00333,ORD000084,2024-02-15,54.48,家居
U00333,ORD000085,2024-02-27,48.05,食品
U00340,ORD000086,2024-04-26,383.06,服饰
U00341,ORD000087,2024-09-14,96.59,数码
U00344,ORD000088,2024-08-29,434.61,家居
U00345,ORD000089,2024-08-19,139.14,家居
U00345,ORD000090,2024-09-11,221.33,美妆
U00355,ORD000091,2024-04-06,226.2,美妆
U00355,ORD000092,2024-05-06,150.54,美妆
U00368,ORD000093,2024-12-16,91.22,数码
U00368,ORD000094,2025-01-13,259.49,家居
U00383,ORD000095,2024-10-19,187.45,食品
U00400,ORD000096,2024-11-15,222.21,数码
U00400,ORD000097,2024-12-15,37.05,数码
U00401,ORD000098,2024-04-27,317.33,服饰
U00402,ORD000099,2024-12-14,114.78,美妆
U00403,ORD000100,2024-09-20,104.59,食品
U00407,ORD000101,2024-08-17,452.37,数码
U00407,ORD000102,2024-09-05,87.98,食品
U00411,ORD000103,2024-07-29,278.8,食品
U00411,ORD000104,2024-08-13,179.76,美妆
U00414,ORD000105,2024-10-04,74.23,家居
U00421,ORD000106,2024-11-20,154.63,服饰
U00421,ORD000107,2024-12-19,54.11,服饰
U00428,ORD000108,2024-12-10,411.9,数码
U00428,ORD000109,2025-01-06,104.41,服饰
U00436,ORD000110,2024-11-05,96.75,家居
U00440,ORD000111,2024-04-18,404.13,家居
U00443,ORD000112,2024-08-12,312.75,食品
U00443,ORD000113,2024-08-31,100.89,食品
U00454,ORD000114,2024-12-14,250.05,美妆
U00458,ORD000115,2024-09-10,485.68,美妆
U00470,ORD000116,2024-12-28,212.04,服饰
U00482,ORD000117,2024-11-05,433.7,家居
U00482,ORD000118,2024-11-17,220.18,服饰
U00491,ORD000119,2024-09-04,425.01,食品
U00496,ORD000120,2024-08-08,251.09,美妆
U00497,ORD000121,2024-10-06,227.39,食品
U00502,ORD000122,2024-09-25,259.66,食品
U00508,ORD000123,2024-12-02,68.25,食品
U00508,ORD000124,2024-12-22,180.25,食品
U00526,ORD000125,2024-09-09,431.33,服饰
U00530,ORD000126,2024-12-08,447.83,服饰
U00532,ORD000127,2025-01-01,362.54,数码
U00559,ORD000128,2024-11-13,140.07,家居
U00563,ORD000129,2024-05-14,55.55,美妆
U00564,ORD000130,2024-02-16,135.78,美妆
U00565,ORD000131,2024-08-08,282.18,食品
U00565,ORD000132,2024-09-04,52.72,服饰
U00567,ORD000133,2024-08-18,120.3,食品
U00567,ORD000134,2024-08-25,178.7,家居
U00573,ORD000135,2024-08-21,445.23,食品
U00573,ORD000136,2024-09-19,93.01,服饰
U00610,ORD000137,2024-11-01,431.19,数码
U00622,ORD000138,2024-06-18,332.27,数码
U00624,ORD000139,2024-09-14,160.55,食品
U00626,ORD000140,2024-08-12,255.39,食品
U00642,ORD000141,2024-07-28,347.25,服饰
U00642,ORD000142,2024-08-15,105.82,食品
U00651,ORD000143,2024-04-18,292.23,数码
U00651,ORD000144,2024-05-10,210.99,食品
U00672,ORD000145,2024-12-15,85.37,家居
U00684,ORD000146,2024-10-29,284.95,服饰
U00694,ORD000147,2024-07-03,301.71,食品
U00696,ORD000148,2024-10-13,464.05,家居
U00718,ORD000149,2024-12-26,185.87,数码
U00718,ORD000150,2025-01-10,260.36,家居
U00720,ORD000151,2024-11-13,128.89,数码
U00720,ORD000152,2024-11-29,222.2,家居
U00726,ORD000153,2024-12-01,129.71,食品
U00726,ORD000154,2024-12-14,105.31,服饰
U00727,ORD000155,2024-05-18,196.03,食品
U00728,ORD000156,2024-11-23,412.0,食品
U00728,ORD000157,2024-12-01,110.47,美妆
U00733,ORD000158,2024-10-27,74.79,家居
U00733,ORD000159,2024-11-04,241.78,服饰
U00742,ORD000160,2024-07-23,139.23,美妆
U00742,ORD000161,2024-08-03,180.9,数码
U00745,ORD000162,2024-06-25,450.87,服饰
U00745,ORD000163,2024-07-05,122.38,食品
U00753,ORD000164,2024-10-16,347.59,服饰
U00753,ORD000165,2024-10-30,68.69,食品
U00754,ORD000166,2024-08-02,331.33,美妆
U00757,ORD000167,2024-10-16,268.0,食品
U00757,ORD000168,2024-10-24,44.69,美妆
U00758,ORD000169,2024-09-26,197.25,食品
U00761,ORD000170,2024-05-24,462.22,家居
U00763,ORD000171,2024-07-02,336.97,家居
U00770,ORD000172,2024-11-30,464.41,家居
U00776,ORD000173,2024-05-25,324.44,食品
U00784,ORD000174,2024-08-06,116.27,食品
U00784,ORD000175,2024-08-30,111.27,服饰
U00785,ORD000176,2024-06-06,348.01,数码
U00785,ORD000177,2024-07-06,34.69,服饰
U00786,ORD000178,2024-12-15,194.98,服饰
U00786,ORD000179,2025-01-09,281.43,家居
U00800,ORD000180,2024-12-20,197.36,数码
U00803,ORD000181,2024-10-07,328.32,食品
U00812,ORD000182,2024-12-01,267.63,服饰
U00816,ORD000183,2024-09-22,62.85,服饰
U00817,ORD000184,2024-10-08,255.73,家居
U00817,ORD000185,2024-10-20,260.51,服饰
U00834,ORD000186,2024-06-05,408.26,美妆
U00845,ORD000187,2024-05-23,372.47,家居
U00848,ORD000188,2025-01-03,459.29,服饰
U00858,ORD000189,2024-09-08,55.04,美妆
U00862,ORD000190,2024-09-04,270.71,家居
U00876,ORD000191,2024-05-25,415.62,服饰
U00880,ORD000192,2024-06-22,293.57,食品
U00883,ORD000193,2024-02-23,149.1,数码
U00883,ORD000194,2024-03-06,176.76,数码
U00886,ORD000195,2024-06-07,205.74,数码
U00886,ORD000196,2024-07-06,220.87,美妆
U00900,ORD000197,2024-04-16,310.06,服饰
U00917,ORD000198,2024-07-21,498.49,数码
U00919,ORD000199,2024-11-17,186.95,服饰
U00919,ORD000200,2024-12-12,126.17,服饰
U00920,ORD000201,2024-05-19,168.92,服饰
U00925,ORD000202,2024-08-26,277.58,服饰
U00928,ORD000203,2024-09-28,337.68,食品
U00935,ORD000204,2024-06-03,132.54,家居
U00935,ORD000205,2024-06-18,157.49,数码
U00940,ORD000206,2024-10-08,125.1,家居
U00940,ORD000207,2024-10-26,219.81,食品
U00944,ORD000208,2024-12-03,187.74,食品
U00946,ORD000209,2024-02-13,336.42,美妆
U00946,ORD000210,2024-02-22,180.08,服饰
U00947,ORD000211,2024-05-19,69.23,数码
U00947,ORD000212,2024-06-12,205.55,数码
U00953,ORD000213,2024-06-04,266.69,食品
U00953,ORD000214,2024-07-03,113.22,食品
U00960,ORD000215,2024-11-11,311.48,服饰
U00961,ORD000216,2024-04-18,453.76,食品
U00962,ORD000217,2024-10-12,212.27,家居
U00963,ORD000218,2024-07-02,382.15,家居
U00963,ORD000219,2024-07-25,203.06,服饰
U00965,ORD000220,2024-07-17,206.86,食品
U00965,ORD000221,2024-08-13,65.34,家居
U00968,ORD000222,2024-07-21,216.65,食品
U00970,ORD000223,2024-09-09,274.58,食品
U00983,ORD000224,2024-05-01,382.1,食品
U00984,ORD000225,2024-04-13,162.64,数码
U00984,ORD000226,2024-05-10,256.86,美妆
U00985,ORD000227,2024-11-10,124.02,服饰
U00985,ORD000228,2024-11-18,106.23,美妆
U00986,ORD000229,2024-09-14,142.15,数码
U00988,ORD000230,2024-09-01,131.83,家居
U00988,ORD000231,2024-09-24,269.77,服饰
U00996,ORD000232,2024-04-23,111.24,食品
U01001,ORD000233,2024-06-09,144.47,数码
U01004,ORD000234,2024-11-11,448.8,美妆
U01004,ORD000235,2024-11-27,293.5,食品
U01005,ORD000236,2024-11-27,182.3,家居
U01015,ORD000237,2024-11-03,131.22,服饰
U01017,ORD000238,2024-06-06,165.06,美妆
U01018,ORD000239,2024-10-05,378.42,数码
U01025,ORD000240,2024-12-23,91.78,家居
U01025,ORD000241,2025-01-21,246.61,食品
U01026,ORD000242,2024-09-12,138.25,食品
U01032,ORD000243,2024-10-11,321.23,美妆
U01034,ORD000244,2024-05-07,126.24,食品
U01071,ORD000245,2024-07-20,120.99,服饰
U01078,ORD000246,2024-10-30,140.06,家居
U01080,ORD000247,2024-12-23,164.63,服饰
U01080,ORD000248,2025-01-01,140.1,美妆
U01085,ORD000249,2024-12-21,391.01,数码
U01090,ORD000250,2024-06-26,80.19,食品
U01093,ORD000251,2024-10-13,242.47,服饰
U01094,ORD000252,2024-09-22,406.68,数码
U01114,ORD000253,2024-09-27,488.33,数码
U01115,ORD000254,2024-10-11,103.2,服饰
U01119,ORD000255,2024-07-08,279.12,服饰
U01120,ORD000256,2024-05-13,381.3,服饰
U01120,ORD000257,2024-05-23,40.41,美妆
U01124,ORD000258,2024-11-27,474.74,食品
U01126,ORD000259,2024-10-01,412.94,数码
U01132,ORD000260,2024-09-17,170.97,服饰
U01135,ORD000261,2024-10-30,482.34,食品
U01158,ORD000262,2024-12-08,53.34,服饰
U01158,ORD000263,2024-12-30,32.09,服饰
U01176,ORD000264,2024-09-26,254.62,服饰
U01179,ORD000265,2024-11-15,64.73,数码
U01183,ORD000266,2024-10-21,297.9,食品
U01183,ORD000267,2024-11-01,139.23,家居
U01184,ORD000268,2024-12-21,123.5,数码
U01184,ORD000269,2025-01-11,256.65,服饰
U01185,ORD000270,2024-04-29,244.51,美妆
U01186,ORD000271,2024-12-23,240.85,数码
U01186,ORD000272,2025-01-15,283.25,数码
U01190,ORD000273,2024-11-07,348.03,服饰
U01201,ORD000274,2024-11-15,261.68,食品
U01207,ORD000275,2024-10-31,233.81,家居
U01207,ORD000276,2024-11-19,281.29,数码
U01208,ORD000277,2024-09-03,410.11,数码
U01209,ORD000278,2024-07-12,86.12,美妆
U01213,ORD000279,2024-05-31,270.18,数码
U01214,ORD000280,2024-11-23,306.48,服饰
U01214,ORD000281,2024-12-17,155.36,食品
U01218,ORD000282,2024-10-28,441.17,数码
U01218,ORD000283,2024-11-15,87.82,数码
U01222,ORD000284,2024-05-25,93.69,美妆
U01224,ORD000285,2024-12-23,471.24,家居
U01240,ORD000286,2024-06-10,339.38,家居
U01248,ORD000287,2024-03-09,76.28,数码
U01248,ORD000288,2024-03-29,115.62,家居
U01250,ORD000289,2024-10-14,262.5,食品
U01255,ORD000290,2024-11-02,153.17,食品
U01255,ORD000291,2024-11-17,269.72,服饰
U01260,ORD000292,2024-10-07,328.63,服饰
U01260,ORD000293,2024-10-19,244.03,食品
U01262,ORD000294,2024-11-23,202.76,服饰
U01262,ORD000295,2024-12-09,54.63,美妆
U01273,ORD000296,2024-11-19,481.13,食品
U01273,ORD000297,2024-12-12,89.76,食品
U01287,ORD000298,2024-04-19,253.57,服饰
U01287,ORD000299,2024-04-28,40.38,美妆
U01288,ORD000300,2024-08-08,408.53,家居
U01288,ORD000301,2024-08-20,148.76,家居
U01295,ORD000302,2024-11-25,311.55,服饰
U01301,ORD000303,2024-03-06,429.23,美妆
U01303,ORD000304,2024-03-26,454.68,家居
U01320,ORD000305,2024-04-04,386.38,食品
U01320,ORD000306,2024-04-12,260.48,食品
U01325,ORD000307,2024-12-26,131.78,家居
U01327,ORD000308,2024-06-06,463.78,服饰
U01331,ORD000309,2024-10-03,402.34,服饰
U01333,ORD000310,2024-06-25,474.17,食品
U01333,ORD000311,2024-07-02,183.7,家居
U01344,ORD000312,2024-11-11,415.95,美妆
U01344,ORD000313,2024-12-04,273.3,数码
U01347,ORD000314,2024-08-05,105.31,家居
U01353,ORD000315,2024-08-30,475.72,服饰
U01357,ORD000316,2024-12-13,53.87,服饰
U01365,ORD000317,2024-11-12,222.29,家居
U01366,ORD000318,2024-05-13,71.41,服饰
U01368,ORD000319,2024-12-14,452.29,数码
U01368,ORD000320,2024-12-27,235.0,服饰
U01372,ORD000321,2024-06-07,348.2,数码
U01374,ORD000322,2024-09-17,178.95,服饰
U01375,ORD000323,2024-07-04,435.75,食品
U01375,ORD000324,2024-07-15,42.21,家居
U01382,ORD000325,2024-08-19,74.53,美妆
U01385,ORD000326,2024-10-24,145.27,食品
U01391,ORD000327,2024-06-28,82.53,食品
U01408,ORD000328,2024-11-24,273.75,服饰
U01411,ORD000329,2024-06-18,66.01,美妆
U01422,ORD000330,2024-09-18,411.19,食品
U01424,ORD000331,2024-05-22,307.5,食品
U01425,ORD000332,2024-12-29,114.8,美妆
U01438,ORD000333,2024-11-03,178.1,食品
U01441,ORD000334,2024-12-28,323.04,食品
U01443,ORD000335,2024-10-27,445.53,服饰
U01443,ORD000336,2024-11-08,232.22,食品
U01448,ORD000337,2024-12-01,84.23,服饰
U01448,ORD000338,2024-12-14,256.25,服饰
U01451,ORD000339,2024-09-18,267.02,食品
U01451,ORD000340,2024-09-28,196.86,美妆
U01455,ORD000341,2024-03-07,128.09,食品
U01460,ORD000342,2024-10-27,240.92,服饰
U01460,ORD000343,2024-11-10,278.29,数码
U01463,ORD000344,2024-05-02,104.95,家居
U01470,ORD000345,2024-11-20,168.55,家居
U01471,ORD000346,2024-10-01,424.51,服饰
U01471,ORD000347,2024-10-18,81.82,数码
U01474,ORD000348,2024-08-21,140.04,服饰
U01481,ORD000349,2024-11-29,440.94,家居
U01487,ORD000350,2024-08-21,50.83,美妆
U01491,ORD000351,2024-06-28,85.47,食品
U01493,ORD000352,2024-06-25,118.16,数码
U01500,ORD000353,2024-12-08,391.9,食品
U01500,ORD000354,2024-12-26,191.75,服饰
U01507,ORD000355,2024-10-05,80.23,家居
U01507,ORD000356,2024-10-30,251.49,数码
U01514,ORD000357,2024-02-23,219.07,食品
U01516,ORD000358,2024-02-04,322.33,食品
U01523,ORD000359,2024-08-08,361.82,美妆
U01523,ORD000360,2024-09-04,135.46,食品
U01535,ORD000361,2024-08-23,364.59,食品
U01535,ORD000362,2024-09-21,134.42,食品
U01538,ORD000363,2024-10-30,342.55,食品
U01538,ORD000364,2024-11-18,85.38,食品
U01542,ORD000365,2024-05-02,447.96,美妆
U01542,ORD000366,2024-05-29,232.71,食品
U01553,ORD000367,2024-11-29,118.98,食品
U01553,ORD000368,2024-12-27,59.96,家居
U01556,ORD000369,2024-06-20,180.97,家居
U01556,ORD000370,2024-07-17,249.94,美妆
U01557,ORD000371,2024-10-15,389.22,食品
U01560,ORD000372,2024-12-12,319.18,服饰
U01560,ORD000373,2025-01-01,77.79,数码
U01564,ORD000374,2024-07-12,131.91,美妆
U01564,ORD000375,2024-08-04,74.4,家居
U01565,ORD000376,2024-11-30,133.08,美妆
U01576,ORD000377,2024-04-26,214.96,服饰
U01578,ORD000378,2024-10-21,232.03,家居
U01578,ORD000379,2024-11-16,88.94,家居
U01580,ORD000380,2024-09-28,345.68,服饰
U01588,ORD000381,2024-08-23,79.43,家居
U01588,ORD000382,2024-09-22,89.12,美妆
U01595,ORD000383,2024-11-11,108.4,食品
U01597,ORD000384,2024-07-12,361.48,食品
U01604,ORD000385,2024-08-09,192.21,美妆
U01615,ORD000386,2024-07-31,396.41,食品
U01625,ORD000387,2024-06-04,321.48,食品
U01627,ORD000388,2024-06-16,476.01,美妆
U01634,ORD000389,2024-11-24,155.97,服饰
U01636,ORD000390,2024-06-27,491.65,服饰
U01636,ORD000391,2024-07-26,287.44,食品
U01643,ORD000392,2024-09-22,72.55,服饰
U01643,ORD000393,2024-10-06,158.56,家居
U01645,ORD000394,2024-04-21,197.86,服饰
U01647,ORD000395,2024-05-13,464.12,数码
U01649,ORD000396,2024-11-19,298.18,食品
U01659,ORD000397,2024-08-17,75.8,数码
U01689,ORD000398,2024-10-12,221.89,数码
U01694,ORD000399,2024-05-19,265.13,食品
U01694,ORD000400,2024-06-18,216.68,食品
U01696,ORD000401,2024-04-10,220.85,数码
U01701,ORD000402,2024-12-26,161.37,服饰
U01729,ORD000403,2024-11-28,465.85,服饰
U01730,ORD000404,2024-10-17,236.0,家居
U01730,ORD000405,2024-11-16,220.4,美妆
U01731,ORD000406,2024-07-23,135.91,数码
U01731,ORD000407,2024-08-08,117.03,数码
U01738,ORD000408,2024-06-14,296.81,美妆
U01742,ORD000409,2024-11-13,359.7,数码
U01742,ORD000410,2024-12-02,61.34,美妆
U01747,ORD000411,2024-02-22,269.42,美妆
U01747,ORD000412,2024-03-02,228.78,美妆
U01749,ORD000413,2024-11-17,442.05,服饰
U01751,ORD000414,2024-09-27,391.2,食品
U01767,ORD000415,2024-11-10,154.88,服饰
U01768,ORD000416,2024-09-12,228.79,数码
U01771,ORD000417,2024-09-07,129.99,食品
U01775,ORD000418,2024-11-20,479.27,食品
U01777,ORD000419,2024-11-01,233.82,服饰
U01789,ORD000420,2024-04-04,138.16,食品
U01795,ORD000421,2024-03-18,431.75,服饰
U01803,ORD000422,2024-08-07,297.8,家居
U01806,ORD000423,2024-11-22,76.23,服饰
U01808,ORD000424,2024-06-09,378.39,食品
U01811,ORD000425,2024-10-24,74.01,服饰
U01825,ORD000426,2024-10-21,355.98,服饰
U01825,ORD000427,2024-11-06,249.89,数码
U01829,ORD000428,2024-11-26,135.66,服饰
U01829,ORD000429,2024-12-14,279.83,家居
U01834,ORD000430,2024-11-12,447.87,服饰
U01836,ORD000431,2024-10-22,420.15,美妆
U01836,ORD000432,2024-11-12,137.99,美妆
U01838,ORD000433,2024-08-03,433.06,美妆
U01844,ORD000434,2024-10-15,439.92,家居
U01844,ORD000435,2024-11-03,284.84,服饰
U01847,ORD000436,2024-05-10,402.5,服饰
U01847,ORD000437,2024-06-03,227.85,家居
U01849,ORD000438,2024-12-12,372.44,家居
U01850,ORD000439,2024-10-20,236.0,食品
U01858,ORD000440,2024-09-07,54.8,数码
U01858,ORD000441,2024-09-16,203.93,食品
U01864,ORD000442,2024-09-29,138.8,服饰
U01864,ORD000443,2024-10-26,122.9,家居
U01865,ORD000444,2024-12-28,324.37,数码
U01877,ORD000445,2024-10-09,391.97,服饰
U01877,ORD000446,2024-10-16,211.38,数码
U01883,ORD000447,2024-10-21,499.06,数码
U01894,ORD000448,2024-06-15,383.78,食品
U01894,ORD000449,2024-07-12,53.2,数码
U01898,ORD000450,2024-06-07,213.2,家居
U01907,ORD000451,2024-12-26,68.52,家居
U01913,ORD000452,2024-12-31,344.92,服饰
U01916,ORD000453,2024-11-07,84.87,美妆
U01919,ORD000454,2024-08-19,185.16,数码
U01929,ORD000455,2024-10-20,356.68,服饰
U01940,ORD000456,2024-04-12,264.03,数码
U01940,ORD000457,2024-04-20,298.11,服饰
U01941,ORD000458,2024-04-01,499.6,服饰
U01941,ORD000459,2024-04-26,123.92,美妆
U01943,ORD000460,2024-11-20,198.26,服饰
U01945,ORD000461,2024-11-23,85.15,美妆
U01947,ORD000462,2024-09-01,88.32,家居
U01948,ORD000463,2024-05-23,292.38,数码
U01949,ORD000464,2024-07-30,50.77,美妆
U01954,ORD000465,2024-11-11,383.98,食品
U01956,ORD000466,2024-12-20,247.35,服饰
U01956,ORD000467,2025-01-07,213.56,食品
U01957,ORD000468,2024-10-21,376.85,服饰
U01972,ORD000469,2024-11-29,494.12,数码
U01975,ORD000470,2024-07-19,85.87,美妆
U01976,ORD000471,2024-12-23,341.47,服饰
U01986,ORD000472,2024-04-16,392.88,食品
U01986,ORD000473,2024-05-13,35.7,食品
U01988,ORD000474,2024-09-17,159.4,数码
U01990,ORD000475,2024-11-09,151.37,食品
U02009,ORD000476,2024-04-05,72.44,美妆
U02009,ORD000477,2024-04-19,181.18,服饰
U02013,ORD000478,2024-12-16,359.15,家居
U02013,ORD000479,2024-12-25,195.76,服饰
U02019,ORD000480,2024-02-25,99.63,美妆
U02022,ORD000481,2024-10-03,155.61,数码
U02022,ORD000482,2024-10-13,203.58,数码
U02031,ORD000483,2024-06-12,495.94,美妆
U02031,ORD000484,2024-07-07,194.28,家居
U02038,ORD000485,2024-05-22,261.74,家居
U02041,ORD000486,2024-12-04,340.94,数码
U02043,ORD000487,2024-09-25,476.94,美妆
U02046,ORD000488,2024-11-10,479.03,家居
U02047,ORD000489,2024-04-07,235.43,服饰
U02056,ORD000490,2024-10-30,131.0,数码
U02064,ORD000491,2024-09-06,149.27,食品
U02064,ORD000492,2024-09-28,214.61,服饰
U02074,ORD000493,2024-12-10,296.94,服饰
U02075,ORD000494,2024-12-12,363.43,美妆
U02075,ORD000495,2024-12-28,216.03,数码
U02078,ORD000496,2024-09-07,264.76,家居
U02079,ORD000497,2024-12-31,294.01,美妆
U02082,ORD000498,2024-04-08,74.65,服饰
U02095,ORD000499,2024-07-18,149.32,家居
U02095,ORD000500,2024-07-31,171.42,数码
U02097,ORD000501,2024-10-05,178.52,食品
U02099,ORD000502,2024-11-25,498.26,服饰
U02099,ORD000503,2024-12-04,72.34,食品
U02103,ORD000504,2024-05-26,189.58,食品
U02105,ORD000505,2024-11-23,260.02,食品
U02109,ORD000506,2024-07-14,461.43,服饰
U02112,ORD000507,2024-06-14,419.53,美妆
U02112,ORD000508,2024-06-23,130.87,数码
U02113,ORD000509,2024-06-07,419.86,家居
U02113,ORD000510,2024-07-02,87.43,服饰
U02116,ORD000511,2024-05-22,310.1,数码
U02117,ORD000512,2024-08-31,371.71,食品
U02137,ORD000513,2024-04-14,449.21,食品
U02144,ORD000514,2024-07-25,308.44,食品
U02144,ORD000515,2024-08-19,103.92,家居
U02161,ORD000516,2024-10-22,348.12,家居
U02161,ORD000517,2024-10-29,237.52,食品
U02163,ORD000518,2024-08-06,122.4,美妆
U02163,ORD000519,2024-08-31,129.15,美妆
U02165,ORD000520,2024-09-09,230.84,数码
U02169,ORD000521,2024-10-30,448.18,家居
U02170,ORD000522,2024-07-28,403.83,数码
U02174,ORD000523,2024-12-06,445.68,食品
U02174,ORD000524,2024-12-24,157.0,美妆
U02180,ORD000525,2024-09-22,349.72,数码
U02181,ORD000526,2024-07-23,283.79,食品
U02190,ORD000527,2024-10-26,454.35,服饰
U02190,ORD000528,2024-11-16,244.44,家居
U02195,ORD000529,2024-05-02,107.62,数码
U02196,ORD000530,2024-09-04,311.63,家居
U02200,ORD000531,2024-08-18,299.49,家居
U02202,ORD000532,2024-05-03,330.04,食品
U02214,ORD000533,2024-12-25,62.67,数码
U02214,ORD000534,2025-01-18,225.76,家居
U02216,ORD000535,2024-07-22,293.98,食品
U02218,ORD000536,2024-07-15,326.46,数码
U02221,ORD000537,2024-11-06,350.56,食品
U02222,ORD000538,2024-09-27,321.14,食品
U02233,ORD000539,2024-12-14,393.35,服饰
U02235,ORD000540,2024-10-27,218.09,服饰
U02244,ORD000541,2025-01-02,393.11,服饰
U02247,ORD000542,2024-04-04,129.68,美妆
U02247,ORD000543,2024-04-26,163.21,数码
U02252,ORD000544,2024-12-15,351.62,家居
U02254,ORD000545,2024-12-01,275.1,食品
U02258,ORD000546,2024-08-29,127.7,服饰
U02266,ORD000547,2024-10-20,122.82,服饰
U02268,ORD000548,2024-11-03,303.26,服饰
U02274,ORD000549,2024-10-22,316.95,食品
U02278,ORD000550,2024-09-20,193.02,数码
U02280,ORD000551,2024-04-08,163.7,服饰
U02287,ORD000552,2024-12-27,368.34,家居
U02287,ORD000553,2025-01-17,224.5,食品
U02292,ORD000554,2024-07-13,188.53,家居
U02292,ORD000555,2024-08-01,193.37,数码
U02318,ORD000556,2024-08-19,458.43,数码
U02321,ORD000557,2024-12-15,276.22,食品
U02321,ORD000558,2024-12-24,255.99,美妆
U02347,ORD000559,2024-10-29,472.85,食品
U02348,ORD000560,2024-08-11,355.57,数码
U02350,ORD000561,2024-02-07,269.56,美妆
U02350,ORD000562,2024-02-21,153.04,数码
U02353,ORD000563,2024-10-14,140.29,服饰
U02354,ORD000564,2024-12-09,156.89,服饰
U02354,ORD000565,2024-12-26,119.9,服饰
U02355,ORD000566,2024-11-09,91.02,美妆
U02355,ORD000567,2024-12-06,217.03,食品
U02361,ORD000568,2024-02-12,322.91,服饰
U02368,ORD000569,2024-10-02,420.49,美妆
U02370,ORD000570,2024-11-10,52.53,数码
U02370,ORD000571,2024-11-30,212.24,服饰
U02386,ORD000572,2024-10-06,460.27,食品
U02386,ORD000573,2024-10-19,129.44,服饰
U02389,ORD000574,2024-11-04,360.9,数码
U02391,ORD000575,2024-08-11,447.54,数码
U02395,ORD000576,2024-12-13,490.53,数码
U02397,ORD000577,2024-05-27,383.95,数码
U02411,ORD000578,2024-10-31,244.14,食品
U02420,ORD000579,2024-08-18,81.6,服饰
U02420,ORD000580,2024-09-17,111.85,食品
U02438,ORD000581,2024-08-02,277.06,家居
U02439,ORD000582,2024-09-29,105.58,数码
U02442,ORD000583,2024-09-27,230.85,美妆
U02442,ORD000584,2024-10-27,260.92,食品
U02444,ORD000585,2024-12-01,449.95,家居
U02444,ORD000586,2024-12-09,105.04,数码
U02448,ORD000587,2024-06-13,185.52,服饰
U02448,ORD000588,2024-07-09,198.13,食品
U02449,ORD000589,2024-04-01,319.3,数码
U02450,ORD000590,2024-08-05,406.34,服饰
U02451,ORD000591,2024-07-08,262.6,美妆
U02452,ORD000592,2024-12-28,177.02,服饰
U02452,ORD000593,2025-01-10,212.65,美妆
U02454,ORD000594,2024-08-06,107.05,家居
U02454,ORD000595,2024-09-04,277.94,服饰
U02458,ORD000596,2024-10-16,179.03,食品
U02458,ORD000597,2024-11-09,96.44,服饰
U02474,ORD000598,2024-11-09,453.61,食品
U02474,ORD000599,2024-12-09,55.64,服饰
U02476,ORD000600,2024-12-08,332.27,食品
U02479,ORD000601,2024-05-09,347.15,家居
U02486,ORD000602,2024-12-28,266.28,美妆
U02487,ORD000603,2024-09-13,461.6,数码
U02508,ORD000604,2024-09-01,169.89,服饰
U02514,ORD000605,2024-09-20,132.93,服饰
U02516,ORD000606,2024-12-20,241.17,数码
U02516,ORD000607,2025-01-03,64.37,数码
U02517,ORD000608,2024-02-24,70.84,食品
U02519,ORD000609,2024-10-30,200.21,美妆
U02520,ORD000610,2024-11-10,96.24,美妆
U02522,ORD000611,2024-05-18,88.95,食品
U02523,ORD000612,2024-07-22,161.48,家居
U02523,ORD000613,2024-07-31,46.6,美妆
U02534,ORD000614,2024-02-16,71.27,服饰
U02555,ORD000615,2024-04-11,258.88,家居
U02555,ORD000616,2024-04-24,286.8,服饰
U02562,ORD000617,2024-11-04,390.79,家居
U02563,ORD000618,2024-03-26,307.03,食品
U02565,ORD000619,2024-08-22,67.13,服饰
U02574,ORD000620,2024-09-09,403.64,食品
U02582,ORD000621,2024-12-11,443.08,家居
U02582,ORD000622,2025-01-07,263.13,数码
U02583,ORD000623,2024-09-17,159.86,数码
U02583,ORD000624,2024-10-04,295.36,服饰
U02585,ORD000625,2024-10-10,215.19,服饰
U02592,ORD000626,2024-11-28,67.91,服饰
U02593,ORD000627,2024-10-01,94.19,服饰
U02598,ORD000628,2024-09-17,485.07,食品
U02606,ORD000629,2024-09-19,368.11,食品
U02606,ORD000630,2024-10-08,249.05,美妆
U02619,ORD000631,2024-12-05,482.7,数码
U02623,ORD000632,2024-09-01,445.84,服饰
U02633,ORD000633,2024-01-27,228.77,服饰
U02642,ORD000634,2024-05-01,353.81,食品
U02642,ORD000635,2024-05-30,59.46,家居
U02658,ORD000636,2024-12-06,247.84,数码
U02672,ORD000637,2024-08-20,236.53,食品
U02672,ORD000638,2024-09-01,48.6,数码
U02685,ORD000639,2024-08-02,497.11,美妆
U02693,ORD000640,2024-02-08,110.0,食品
U02696,ORD000641,2024-09-20,220.66,食品
U02696,ORD000642,2024-10-10,157.04,数码
U02699,ORD000643,2024-11-22,191.94,数码
U02705,ORD000644,2024-11-17,270.04,美妆
U02710,ORD000645,2024-07-17,497.99,美妆
U02713,ORD000646,2024-08-04,493.56,数码
U02713,ORD000647,2024-08-22,226.95,服饰
U02733,ORD000648,2024-04-01,439.53,家居
U02733,ORD000649,2024-04-16,144.39,食品
U02737,ORD000650,2025-01-02,169.29,服饰
U02737,ORD000651,2025-01-29,294.92,美妆
U02738,ORD000652,2024-09-28,136.34,服饰
U02748,ORD000653,2024-05-22,98.89,美妆
U02749,ORD000654,2024-11-27,458.24,食品
U02756,ORD000655,2024-07-17,361.8,家居
U02756,ORD000656,2024-08-13,85.03,美妆
U02768,ORD000657,2024-06-30,287.03,数码
U02769,ORD000658,2024-09-18,228.69,食品
U02773,ORD000659,2024-11-27,208.77,食品
U02779,ORD000660,2024-09-01,446.92,家居
U02779,ORD000661,2024-09-14,203.52,食品
U02789,ORD000662,2024-12-23,164.51,食品
U02795,ORD000663,2024-09-01,181.83,美妆
U02797,ORD000664,2024-04-09,458.29,数码
U02801,ORD000665,2024-11-22,420.18,家居
U02805,ORD000666,2024-09-23,488.85,食品
U02820,ORD000667,2024-08-07,374.98,食品
U02823,ORD000668,2024-10-19,81.23,数码
U02824,ORD000669,2024-06-26,104.95,服饰
U02824,ORD000670,2024-07-16,99.96,家居
U02825,ORD000671,2024-07-29,372.17,美妆
U02828,ORD000672,2024-04-24,189.68,美妆
U02835,ORD000673,2024-08-18,325.78,食品
U02835,ORD000674,2024-08-29,210.32,家居
U02837,ORD000675,2024-12-29,127.37,家居
U02844,ORD000676,2024-12-22,376.33,美妆
U02844,ORD000677,2025-01-12,276.23,食品
U02848,ORD000678,2024-07-05,370.56,美妆
U02850,ORD000679,2024-08-09,485.23,家居
U02857,ORD000680,2024-06-24,395.33,数码
U02857,ORD000681,2024-07-22,254.19,服饰
U02865,ORD000682,2024-09-01,303.7,服饰
U02872,ORD000683,2024-12-22,205.52,服饰
U02878,ORD000684,2024-06-15,434.94,家居
U02878,ORD000685,2024-07-03,171.33,食品
U02885,ORD000686,2024-04-10,493.04,服饰
U02885,ORD000687,2024-05-06,178.8,食品
U02887,ORD000688,2024-09-17,471.19,服饰
U02889,ORD000689,2024-11-25,493.81,服饰
U02894,ORD000690,2024-10-22,99.01,数码
U02896,ORD000691,2024-12-11,241.8,食品
U02898,ORD000692,2024-07-14,282.57,服饰
U02898,ORD000693,2024-07-27,181.75,家居
U02899,ORD000694,2024-08-29,427.52,家居
U02902,ORD000695,2024-11-17,478.6,食品
U02903,ORD000696,2024-01-05,53.45,服饰
U02904,ORD000697,2024-08-27,197.7,食品
U02910,ORD000698,2024-07-22,457.2,家居
U02910,ORD000699,2024-08-07,92.69,食品
U02920,ORD000700,2024-07-22,346.62,美妆
U02922,ORD000701,2024-11-08,64.09,食品
U02928,ORD000702,2024-12-29,494.65,美妆
U02928,ORD000703,2025-01-23,119.3,数码
U02929,ORD000704,2024-11-14,314.03,美妆
U02933,ORD000705,2024-04-14,195.93,美妆
U02937,ORD000706,2024-11-20,199.72,食品
U02943,ORD000707,2024-07-17,374.92,服饰
U02943,ORD000708,2024-07-31,125.1,食品
U02947,ORD000709,2024-09-23,425.85,数码
U02978,ORD000710,2024-02-11,334.17,食品
U02986,ORD000711,2024-12-26,301.04,美妆
U02986,ORD000712,2025-01-11,192.54,食品
U02990,ORD000713,2024-12-09,319.89,家居
U02990,ORD000714,2025-01-08,66.56,美妆
U02995,ORD000715,2024-05-13,69.12,食品
U02996,ORD000716,2024-12-07,326.97,服饰
U03010,ORD000717,2024-03-27,68.32,数码
U03010,ORD000718,2024-04-26,103.35,美妆
U03012,ORD000719,2024-07-19,435.08,数码
U03016,ORD000720,2024-08-01,180.17,美妆
U03022,ORD000721,2024-09-02,156.5,美妆
U03024,ORD000722,2024-08-02,165.58,家居
U03024,ORD000723,2024-08-20,142.61,数码
U03030,ORD000724,2024-10-19,164.82,食品
U03032,ORD000725,2024-08-26,201.68,食品
U03032,ORD000726,2024-09-14,85.49,服饰
U03040,ORD000727,2024-09-21,280.51,服饰
U03042,ORD000728,2024-12-28,139.06,食品
U03046,ORD000729,2024-11-04,361.81,美妆
U03050,ORD000730,2024-07-10,405.28,数码
U03051,ORD000731,2024-06-18,172.72,数码
U03053,ORD000732,2024-07-11,111.04,服饰
U03056,ORD000733,2024-12-28,139.79,服饰
U03056,ORD000734,2025-01-09,92.31,服饰
U03057,ORD000735,2024-10-14,106.51,服饰
U03071,ORD000736,2024-11-06,359.79,服饰
U03071,ORD000737,2024-11-19,76.4,数码
U03074,ORD000738,2024-07-11,274.99,家居
U03076,ORD000739,2024-12-06,76.56,食品
U03076,ORD000740,2024-12-26,205.67,食品
U03079,ORD000741,2024-05-24,444.93,美妆
U03079,ORD000742,2024-06-07,45.47,服饰
U03080,ORD000743,2024-12-24,351.87,美妆
U03093,ORD000744,2024-08-20,412.11,数码
U03093,ORD000745,2024-09-12,105.39,家居
U03094,ORD000746,2024-12-01,262.16,食品
U03098,ORD000747,2024-04-29,324.04,数码
U03107,ORD000748,2024-11-08,435.18,美妆
U03107,ORD000749,2024-12-06,156.42,食品
U03109,ORD000750,2024-10-08,346.96,数码
U03114,ORD000751,2024-04-24,100.66,数码
U03114,ORD000752,2024-05-03,276.48,服饰
U03128,ORD000753,2024-04-16,88.62,食品
U03129,ORD000754,2024-12-25,84.03,数码
U03131,ORD000755,2024-11-25,270.0,食品
U03132,ORD000756,2024-11-29,311.06,食品
U03132,ORD000757,2024-12-18,210.43,服饰
U03136,ORD000758,2024-10-15,339.59,服饰
U03137,ORD000759,2024-11-12,248.59,服饰
U03137,ORD000760,2024-12-12,118.86,服饰
U03138,ORD000761,2024-11-12,85.31,食品
U03147,ORD000762,2024-12-14,291.78,服饰
U03148,ORD000763,2024-10-28,489.13,食品
U03151,ORD000764,2024-10-19,450.05,食品
U03151,ORD000765,2024-11-15,81.28,美妆
U03156,ORD000766,2024-10-23,448.4,食品
U03171,ORD000767,2024-10-23,159.38,服饰
U03172,ORD000768,2024-07-07,412.71,数码
U03175,ORD000769,2024-04-10,337.13,食品
U03180,ORD000770,2024-11-02,132.1,家居
U03189,ORD000771,2024-12-03,367.43,服饰
U03189,ORD000772,2024-12-31,160.51,家居
U03196,ORD000773,2024-09-18,285.42,食品
U03205,ORD000774,2024-10-30,235.75,数码
U03210,ORD000775,2024-10-16,499.13,食品
U03225,ORD000776,2024-05-31,201.4,家居
U03228,ORD000777,2024-08-07,329.37,服饰
U03228,ORD000778,2024-08-17,266.77,数码
U03234,ORD000779,2024-03-29,322.56,食品
U03246,ORD000780,2024-06-02,193.19,家居
U03257,ORD000781,2024-10-31,345.32,家居
U03257,ORD000782,2024-11-28,141.96,美妆
U03284,ORD000783,2024-12-11,205.13,食品
U03287,ORD000784,2024-08-17,470.14,数码
U03289,ORD000785,2024-12-14,98.96,美妆
U03291,ORD000786,2024-04-06,487.13,家居
U03298,ORD000787,2024-04-11,267.88,食品
U03298,ORD000788,2024-04-22,99.45,服饰
U03299,ORD000789,2024-08-15,244.11,数码
U03303,ORD000790,2024-09-30,253.92,食品
U03304,ORD000791,2024-07-29,349.6,食品
U03306,ORD000792,2024-08-06,437.76,服饰
U03306,ORD000793,2024-08-28,140.62,食品
U03311,ORD000794,2024-11-09,141.23,服饰
U03311,ORD000795,2024-11-17,215.27,服饰
U03322,ORD000796,2024-04-07,457.98,食品
U03322,ORD000797,2024-04-21,71.52,食品
U03324,ORD000798,2024-10-07,394.15,食品
U03324,ORD000799,2024-10-27,269.02,家居
U03327,ORD000800,2024-11-25,77.73,数码
U03331,ORD000801,2024-10-14,342.39,服饰
U03337,ORD000802,2024-12-16,314.53,家居
U03340,ORD000803,2024-10-26,309.62,服饰
U03340,ORD000804,2024-11-22,204.49,数码
U03353,ORD000805,2024-12-17,375.44,食品
U03362,ORD000806,2024-07-10,281.48,服饰
U03362,ORD000807,2024-08-05,245.34,食品
U03363,ORD000808,2024-11-02,76.63,美妆
U03363,ORD000809,2024-11-18,237.28,食品
U03368,ORD000810,2024-07-10,246.57,美妆
U03368,ORD000811,2024-08-03,239.26,食品
U03371,ORD000812,2024-06-23,343.92,服饰
U03372,ORD000813,2024-10-10,138.07,服饰
U03372,ORD000814,2024-10-31,109.15,家居
U03374,ORD000815,2024-10-27,113.03,家居
U03374,ORD000816,2024-11-22,171.32,服饰
U03378,ORD000817,2024-06-12,185.18,食品
U03378,ORD000818,2024-07-01,115.73,服饰
U03385,ORD000819,2024-03-10,382.56,食品
U03389,ORD000820,2024-03-16,386.59,家居
U03391,ORD000821,2024-07-28,416.78,服饰
U03392,ORD000822,2024-12-14,497.81,食品
U03392,ORD000823,2025-01-03,223.92,食品
U03394,ORD000824,2024-07-30,304.77,美妆
U03394,ORD000825,2024-08-12,88.68,服饰
U03398,ORD000826,2024-12-04,107.48,数码
U03404,ORD000827,2024-07-28,370.83,数码
U03404,ORD000828,2024-08-12,270.25,食品
U03406,ORD000829,2024-11-28,248.41,服饰
U03411,ORD000830,2024-08-25,106.82,美妆
U03414,ORD000831,2024-08-08,370.55,服饰
U03414,ORD000832,2024-08-22,49.15,服饰
U03416,ORD000833,2024-10-03,133.09,家居
U03421,ORD000834,2024-11-17,373.82,食品
U03421,ORD000835,2024-12-03,269.18,数码
U03426,ORD000836,2024-10-19,253.38,家居
U03428,ORD000837,2024-10-18,80.51,服饰
U03434,ORD000838,2024-09-02,307.25,服饰
U03438,ORD000839,2024-10-11,266.09,食品
U03447,ORD000840,2024-11-26,215.78,数码
U03447,ORD000841,2024-12-20,67.65,食品
U03457,ORD000842,2024-09-17,128.63,美妆
U03464,ORD000843,2024-10-13,425.38,服饰
U03465,ORD000844,2024-06-04,423.94,食品
U03468,ORD000845,2024-10-27,121.57,食品
U03487,ORD000846,2024-08-07,355.75,数码
U03489,ORD000847,2024-03-07,191.5,数码
U03494,ORD000848,2024-12-12,192.39,服饰
U03497,ORD000849,2024-12-06,333.59,数码
U03500,ORD000850,2024-11-13,63.54,服饰
U03500,ORD000851,2024-11-24,252.92,服饰
U03502,ORD000852,2024-11-26,236.79,食品
U03508,ORD000853,2024-09-08,388.3,食品
U03510,ORD000854,2024-04-01,91.08,服饰
U03511,ORD000855,2024-08-02,134.55,食品
U03511,ORD000856,2024-08-12,38.08,服饰
U03512,ORD000857,2024-04-06,323.24,服饰
U03514,ORD000858,2024-11-29,368.47,服饰
U03514,ORD000859,2024-12-15,294.4,美妆
U03518,ORD000860,2024-08-14,409.93,美妆
U03523,ORD000861,2024-07-11,142.15,家居
U03524,ORD000862,2024-04-27,194.75,家居
U03536,ORD000863,2024-05-13,218.25,服饰
U03536,ORD000864,2024-06-07,288.87,服饰
U03545,ORD000865,2024-12-08,391.36,食品
U03545,ORD000866,2024-12-30,111.94,食品
U03555,ORD000867,2024-05-21,114.32,美妆
U03558,ORD000868,2024-09-12,485.65,家居
U03558,ORD000869,2024-09-28,259.34,数码
U03566,ORD000870,2024-11-10,222.79,服饰
U03576,ORD000871,2024-08-11,304.23,数码
U03576,ORD000872,2024-08-31,182.11,食品
U03580,ORD000873,2024-09-16,109.56,数码
U03581,ORD000874,2024-09-14,65.94,家居
U03584,ORD000875,2024-12-05,198.95,服饰
U03588,ORD000876,2024-11-16,400.14,数码
U03588,ORD000877,2024-12-04,145.34,家居
U03592,ORD000878,2024-06-02,308.22,食品
U03602,ORD000879,2024-10-07,120.86,数码
U03602,ORD000880,2024-10-22,187.29,数码
U03604,ORD000881,2024-07-14,441.1,服饰
U03604,ORD000882,2024-08-02,142.49,服饰
U03605,ORD000883,2024-06-20,444.5,食品
U03605,ORD000884,2024-06-29,151.48,食品
U03615,ORD000885,2024-08-14,221.17,食品
U03622,ORD000886,2024-06-22,210.93,服饰
U03623,ORD000887,2024-06-21,191.74,数码
U03623,ORD000888,2024-07-19,40.08,数码
U03626,ORD000889,2024-07-08,163.24,美妆
U03626,ORD000890,2024-07-23,195.04,美妆
U03629,ORD000891,2024-11-23,202.84,服饰
U03635,ORD000892,2024-04-21,373.89,食品
U03636,ORD000893,2024-09-13,287.55,食品
U03640,ORD000894,2024-06-17,312.86,家居
U03647,ORD000895,2024-09-15,350.64,美妆
U03647,ORD000896,2024-10-07,285.95,服饰
U03651,ORD000897,2024-11-19,66.08,数码
U03664,ORD000898,2024-03-12,105.44,数码
U03683,ORD000899,2024-11-19,218.01,数码
U03683,ORD000900,2024-11-26,198.73,数码
U03685,ORD000901,2024-10-30,281.28,数码
U03685,ORD000902,2024-11-18,253.49,家居
U03690,ORD000903,2024-02-23,223.92,美妆
U03691,ORD000904,2024-11-27,133.57,家居
U03692,ORD000905,2024-09-24,295.63,服饰
U03693,ORD000906,2024-11-19,87.96,数码
U03693,ORD000907,2024-12-13,262.97,食品
U03703,ORD000908,2024-07-29,156.69,食品
U03704,ORD000909,2024-12-05,98.53,数码
U03705,ORD000910,2024-12-22,458.49,食品
U03716,ORD000911,2024-07-25,212.71,美妆
U03716,ORD000912,2024-08-22,137.73,服饰
U03718,ORD000913,2024-04-13,172.84,食品
U03722,ORD000914,2024-12-01,301.28,数码
U03722,ORD000915,2024-12-28,206.6,家居
U03730,ORD000916,2024-10-10,327.18,美妆
U03730,ORD000917,2024-10-19,104.63,数码
U03732,ORD000918,2024-12-28,363.78,数码
U03736,ORD000919,2024-09-09,91.0,数码
U03736,ORD000920,2024-10-08,237.47,数码
U03739,ORD000921,2024-11-17,180.26,数码
U03739,ORD000922,2024-11-26,233.83,食品
U03743,ORD000923,2024-11-17,142.47,家居
U03743,ORD000924,2024-12-10,232.6,食品
U03744,ORD000925,2024-03-30,174.13,食品
U03746,ORD000926,2024-06-20,470.09,数码
U03756,ORD000927,2024-06-11,170.13,服饰
U03756,ORD000928,2024-06-24,200.59,食品
U03769,ORD000929,2024-05-28,142.84,服饰
U03769,ORD000930,2024-06-05,280.62,家居
U03772,ORD000931,2024-12-13,470.42,家居
U03776,ORD000932,2024-12-21,230.95,数码
U03776,ORD000933,2024-12-29,199.98,服饰
U03779,ORD000934,2024-10-24,241.44,服饰
U03779,ORD000935,2024-11-16,282.86,数码
U03793,ORD000936,2024-10-11,136.9,食品
U03796,ORD000937,2024-10-24,447.69,美妆
U03796,ORD000938,2024-11-01,180.85,数码
U03803,ORD000939,2024-11-30,213.3,美妆
U03805,ORD000940,2024-07-06,274.97,家居
U03805,ORD000941,2024-07-23,102.68,数码
U03809,ORD000942,2024-03-24,310.26,家居
U03811,ORD000943,2024-11-01,495.62,家居
U03812,ORD000944,2024-09-05,299.3,食品
U03815,ORD000945,2024-07-03,420.87,数码
U03820,ORD000946,2024-09-13,478.24,食品
U03820,ORD000947,2024-10-04,287.05,家居
U03823,ORD000948,2024-11-26,118.54,数码
U03823,ORD000949,2024-12-18,125.48,服饰
U03827,ORD000950,2024-09-10,247.68,食品
U03830,ORD000951,2024-06-24,246.46,数码
U03837,ORD000952,2024-12-20,489.03,服饰
U03838,ORD000953,2024-05-07,432.98,数码
U03838,ORD000954,2024-05-29,248.72,数码
U03846,ORD000955,2024-10-27,355.73,食品
U03863,ORD000956,2024-08-16,459.41,服饰
U03863,ORD000957,2024-08-30,59.42,美妆
U03868,ORD000958,2024-10-29,199.21,服饰
U03872,ORD000959,2024-06-07,268.79,数码
U03877,ORD000960,2024-05-31,183.63,服饰
U03879,ORD000961,2024-10-01,174.76,食品
U03884,ORD000962,2024-06-23,223.09,家居
U03884,ORD000963,2024-07-09,277.97,数码
U03885,ORD000964,2024-12-13,420.49,美妆
U03885,ORD000965,2024-12-22,215.39,美妆
U03887,ORD000966,2024-12-18,200.77,家居
U03887,ORD000967,2025-01-10,211.9,服饰
U03893,ORD000968,2024-11-01,367.1,食品
U03900,ORD000969,2024-12-04,135.04,数码
U03907,ORD000970,2024-09-22,371.03,家居
U03909,ORD000971,2024-10-06,288.85,食品
U03909,ORD000972,2024-10-24,78.61,服饰
U03918,ORD000973,2024-08-04,442.13,美妆
U03921,ORD000974,2024-12-21,347.41,美妆
U03926,ORD000975,2024-02-28,451.93,数码
U03928,ORD000976,2024-10-26,229.61,数码
U03930,ORD000977,2024-05-07,259.74,家居
U03934,ORD000978,2024-06-22,120.1,美妆
U03937,ORD000979,2024-08-25,306.08,家居
U03941,ORD000980,2024-11-17,70.32,数码
U03944,ORD000981,2024-08-17,329.39,家居
U03952,ORD000982,2024-12-01,443.24,食品
U03956,ORD000983,2024-12-08,140.42,数码
U03968,ORD000984,2024-03-17,446.61,数码
U03968,ORD000985,2024-03-28,215.24,食品
U03970,ORD000986,2024-08-20,239.64,服饰
U03970,ORD000987,2024-09-03,285.21,美妆
U03972,ORD000988,2024-09-26,439.24,服饰
U03976,ORD000989,2024-12-17,98.14,美妆
U03978,ORD000990,2024-09-29,115.4,食品
U03978,ORD000991,2024-10-20,101.45,食品
U03990,ORD000992,2024-12-07,187.22,美妆
U03993,ORD000993,2024-11-14,485.75,服饰
U03995,ORD000994,2024-09-14,81.59,食品
U04003,ORD000995,2024-11-14,219.48,美妆
U04003,ORD000996,2024-11-22,54.13,数码
U04007,ORD000997,2024-08-09,364.74,家居
U04007,ORD000998,2024-08-27,157.2,服饰
U04011,ORD000999,2024-03-09,189.41,服饰
U04012,ORD001000,2024-08-18,151.38,美妆
U04022,ORD001001,2024-07-02,79.28,服饰
U04024,ORD001002,2024-11-30,386.42,数码
U04038,ORD001003,2024-11-24,445.11,家居
U04046,ORD001004,2024-08-28,83.02,美妆
U04046,ORD001005,2024-09-21,161.57,食品
U04050,ORD001006,2024-06-12,446.92,美妆
U04059,ORD001007,2024-12-14,233.93,服饰
U04059,ORD001008,2024-12-30,99.5,家居
U04060,ORD001009,2024-12-30,468.24,数码
U04060,ORD001010,2025-01-09,34.06,家居
U04062,ORD001011,2024-06-16,223.97,服饰
U04062,ORD001012,2024-07-05,80.86,服饰
U04067,ORD001013,2024-05-12,487.16,美妆
U04069,ORD001014,2024-10-28,199.18,美妆
U04070,ORD001015,2024-12-02,184.94,美妆
U04078,ORD001016,2024-07-10,145.4,家居
U04078,ORD001017,2024-08-01,125.51,数码
U04079,ORD001018,2024-11-17,470.65,服饰
U04079,ORD001019,2024-12-14,297.8,数码
U04085,ORD001020,2024-06-22,54.51,美妆
U04088,ORD001021,2024-10-12,313.97,服饰
U04090,ORD001022,2024-03-22,86.88,食品
U04105,ORD001023,2024-07-20,227.18,食品
U04105,ORD001024,2024-08-17,200.21,食品
U04108,ORD001025,2024-03-26,482.27,食品
U04109,ORD001026,2024-12-14,202.73,服饰
U04109,ORD001027,2024-12-27,158.83,服饰
U04110,ORD001028,2024-10-06,219.4,家居
U04113,ORD001029,2024-04-10,436.89,食品
U04123,ORD001030,2024-11-04,312.28,服饰
U04128,ORD001031,2024-12-21,336.15,家居
U04132,ORD001032,2024-06-22,382.03,数码
U04137,ORD001033,2024-11-12,379.01,家居
U04138,ORD001034,2024-07-27,94.55,数码
U04138,ORD001035,2024-08-09,242.74,食品
U04164,ORD001036,2024-08-14,419.73,数码
U04166,ORD001037,2024-08-19,63.78,数码
U04166,ORD001038,2024-08-26,152.19,食品
U04172,ORD001039,2024-12-30,435.97,家居
U04173,ORD001040,2024-09-04,495.68,数码
U04193,ORD001041,2024-09-17,108.6,数码
U04197,ORD001042,2024-02-29,292.31,服饰
U04197,ORD001043,2024-03-07,214.58,数码
U04205,ORD001044,2024-04-30,96.44,食品
U04205,ORD001045,2024-05-17,131.49,家居
U04209,ORD001046,2024-04-21,426.9,数码
U04218,ORD001047,2024-09-18,415.55,食品
U04219,ORD001048,2024-11-03,276.6,数码
U04224,ORD001049,2024-11-26,382.83,数码
U04227,ORD001050,2024-08-10,174.96,数码
U04240,ORD001051,2024-07-29,288.85,食品
U04242,ORD001052,2024-08-22,450.88,家居
U04242,ORD001053,2024-08-31,289.5,家居
U04243,ORD001054,2024-11-15,184.13,食品
U04243,ORD001055,2024-12-03,153.64,食品
U04254,ORD001056,2024-09-19,307.44,家居
U04255,ORD001057,2024-05-29,87.37,家居
U04255,ORD001058,2024-06-22,68.81,数码
U04258,ORD001059,2024-09-04,283.51,食品
U04258,ORD001060,2024-09-21,39.41,食品
U04262,ORD001061,2024-12-11,290.56,数码
U04262,ORD001062,2025-01-10,222.13,服饰
U04265,ORD001063,2024-10-25,407.51,服饰
U04265,ORD001064,2024-11-02,159.03,美妆
U04268,ORD001065,2024-04-01,412.78,家居
U04269,ORD001066,2024-11-27,122.2,数码
U04272,ORD001067,2024-12-26,322.59,服饰
U04272,ORD001068,2025-01-14,275.45,服饰
U04276,ORD001069,2024-10-07,234.75,食品
U04276,ORD001070,2024-10-24,245.03,服饰
U04286,ORD001071,2024-10-09,473.82,食品
U04290,ORD001072,2024-11-27,428.44,食品
U04290,ORD001073,2024-12-17,238.44,数码
U04296,ORD001074,2024-07-21,409.65,食品
U04297,ORD001075,2024-05-23,252.24,数码
U04305,ORD001076,2024-11-29,383.7,数码
U04314,ORD001077,2024-12-11,136.54,数码
U04314,ORD001078,2024-12-25,31.78,食品
U04317,ORD001079,2024-11-08,171.88,数码
U04317,ORD001080,2024-11-19,116.39,食品
U04334,ORD001081,2024-10-22,276.54,服饰
U04335,ORD001082,2024-08-16,272.72,服饰
U04335,ORD001083,2024-08-24,252.12,数码
U04336,ORD001084,2024-03-30,440.61,服饰
U04339,ORD001085,2024-08-17,374.8,服饰
U04341,ORD001086,2024-08-31,182.45,食品
U04341,ORD001087,2024-09-18,237.6,服饰
U04344,ORD001088,2024-11-28,259.95,数码
U04350,ORD001089,2024-10-18,465.8,家居
U04354,ORD001090,2024-12-24,229.1,家居
U04357,ORD001091,2024-06-22,190.98,家居
U04368,ORD001092,2024-09-01,282.51,食品
U04374,ORD001093,2024-08-20,75.44,美妆
U04377,ORD001094,2024-08-17,426.83,家居
U04377,ORD001095,2024-08-25,112.33,服饰
U04380,ORD001096,2024-09-17,307.94,家居
U04383,ORD001097,2024-10-04,470.58,服饰
U04386,ORD001098,2024-10-02,323.34,家居
U04386,ORD001099,2024-10-31,91.13,服饰
U04392,ORD001100,2024-09-27,134.36,食品
U04415,ORD001101,2024-08-24,438.7,美妆
U04427,ORD001102,2024-06-27,351.54,服饰
U04431,ORD001103,2024-10-29,347.47,美妆
U04437,ORD001104,2024-08-07,331.64,服饰
U04437,ORD001105,2024-08-22,278.35,家居
U04441,ORD001106,2024-12-09,447.1,美妆
U04450,ORD001107,2024-11-11,227.22,美妆
U04450,ORD001108,2024-12-10,183.99,数码
U04453,ORD001109,2024-11-30,336.13,食品
U04454,ORD001110,2024-11-25,173.82,美妆
U04460,ORD001111,2024-09-30,74.78,美妆
U04460,ORD001112,2024-10-23,73.0,服饰
U04462,ORD001113,2024-09-24,237.76,家居
U04466,ORD001114,2024-08-19,147.02,美妆
U04466,ORD001115,2024-09-11,232.23,家居
U04469,ORD001116,2024-12-21,97.89,食品
U04477,ORD001117,2024-08-27,475.52,服饰
U04482,ORD001118,2024-09-10,115.42,食品
U04485,ORD001119,2024-06-21,468.68,食品
U04486,ORD001120,2024-11-13,232.18,食品
U04500,ORD001121,2024-08-26,471.6,数码
U04513,ORD001122,2024-04-22,119.03,数码
U04515,ORD001123,2024-10-02,88.4,服饰
U04518,ORD001124,2024-12-15,153.19,食品
U04519,ORD001125,2024-06-14,197.28,服饰
U04520,ORD001126,2024-02-27,473.84,数码
U04520,ORD001127,2024-03-17,134.88,服饰
U04527,ORD001128,2024-11-17,297.12,家居
U04530,ORD001129,2024-06-06,417.64,食品
U04530,ORD001130,2024-07-01,260.83,家居
U04534,ORD001131,2024-07-24,120.65,服饰
U04535,ORD001132,2024-09-30,352.27,美妆
U04535,ORD001133,2024-10-29,131.56,服饰
U04538,ORD001134,2024-10-17,441.11,数码
U04541,ORD001135,2024-06-02,363.83,数码
U04552,ORD001136,2024-02-25,58.54,食品
U04555,ORD001137,2024-09-06,345.44,数码
U04561,ORD001138,2024-11-07,393.75,数码
U04565,ORD001139,2024-06-26,290.17,服饰
U04569,ORD001140,2024-05-18,388.51,家居
U04581,ORD001141,2024-12-19,79.74,数码
U04581,ORD001142,2025-01-13,271.01,服饰
U04582,ORD001143,2024-07-25,264.53,数码
U04584,ORD001144,2024-11-18,497.7,美妆
U04597,ORD001145,2024-11-12,50.91,食品
U04599,ORD001146,2024-08-21,442.52,服饰
U04599,ORD001147,2024-09-06,147.94,服饰
U04603,ORD001148,2024-12-17,62.97,家居
U04612,ORD001149,2024-04-04,255.55,食品
U04624,ORD001150,2024-11-03,165.06,家居
U04627,ORD001151,2024-07-30,407.19,食品
U04632,ORD001152,2024-07-26,457.08,数码
U04632,ORD001153,2024-08-16,242.39,食品
U04633,ORD001154,2024-11-25,153.96,数码
U04633,ORD001155,2024-12-17,111.27,美妆
U04639,ORD001156,2024-11-14,404.43,食品
U04639,ORD001157,2024-12-05,54.39,美妆
U04641,ORD001158,2024-12-23,187.45,食品
U04641,ORD001159,2025-01-03,246.84,数码
U04647,ORD001160,2024-10-30,343.49,数码
U04648,ORD001161,2024-07-06,95.81,家居
U04652,ORD001162,2024-11-09,119.79,服饰
U04652,ORD001163,2024-11-30,97.05,服饰
U04656,ORD001164,2024-05-31,84.75,家居
U04656,ORD001165,2024-06-13,51.34,家居
U04658,ORD001166,2024-09-30,348.17,服饰
U04658,ORD001167,2024-10-22,263.95,数码
U04660,ORD001168,2024-11-07,169.05,数码
U04660,ORD001169,2024-11-29,133.02,美妆
U04667,ORD001170,2024-05-02,122.46,家居
U04667,ORD001171,2024-05-25,206.01,数码
U04668,ORD001172,2024-12-04,475.2,美妆
U04668,ORD001173,2024-12-29,279.72,食品
U04670,ORD001174,2024-11-02,149.17,服饰
U04673,ORD001175,2024-11-08,326.39,服饰
U04675,ORD001176,2024-08-23,368.68,家居
U04688,ORD001177,2024-02-10,144.23,服饰
U04705,ORD001178,2024-08-24,480.98,服饰
U04705,ORD001179,2024-09-20,123.54,数码
U04711,ORD001180,2024-08-26,199.56,服饰
U04711,ORD001181,2024-09-25,56.96,数码
U04714,ORD001182,2024-11-14,308.93,服饰
U04714,ORD001183,2024-11-26,34.81,美妆
U04724,ORD001184,2024-08-28,312.98,数码
U04725,ORD001185,2024-06-20,439.36,服饰
U04726,ORD001186,2024-01-09,152.35,美妆
U04726,ORD001187,2024-02-03,78.45,美妆
U04736,ORD001188,2024-05-07,411.34,服饰
U04737,ORD001189,2024-09-21,65.48,数码
U04737,ORD001190,2024-10-16,59.57,美妆
U04749,ORD001191,2024-08-19,231.82,数码
U04759,ORD001192,2024-09-06,300.45,服饰
U04773,ORD001193,2024-06-26,155.81,数码
U04773,ORD001194,2024-07-07,235.75,数码
U04777,ORD001195,2024-01-13,247.54,数码
U04783,ORD001196,2024-10-03,298.57,服饰
U04784,ORD001197,2024-07-17,62.76,食品
U04784,ORD001198,2024-08-15,184.06,服饰
U04787,ORD001199,2024-12-12,394.48,服饰
U04787,ORD001200,2025-01-04,232.32,食品
U04793,ORD001201,2024-04-01,441.16,食品
U04797,ORD001202,2024-05-28,133.53,家居
U04797,ORD001203,2024-06-05,241.42,美妆
U04800,ORD001204,2024-10-21,92.11,食品
U04808,ORD001205,2024-12-26,271.25,食品
U04820,ORD001206,2024-06-13,491.08,食品
U04831,ORD001207,2024-11-23,358.58,服饰
U04831,ORD001208,2024-12-05,110.72,服饰
U04851,ORD001209,2024-12-29,67.37,服饰
U04851,ORD001210,2025-01-06,76.7,食品
U04853,ORD001211,2024-11-18,257.37,家居
U04853,ORD001212,2024-11-30,165.62,食品
U04854,ORD001213,2024-08-05,154.23,美妆
U04861,ORD001214,2024-10-19,90.95,美妆
U04865,ORD001215,2024-07-24,264.23,数码
U04867,ORD001216,2024-08-06,209.45,数码
U04867,ORD001217,2024-08-18,74.96,服饰
U04873,ORD001218,2024-06-13,299.49,数码
U04877,ORD001219,2024-10-11,354.18,家居
U04877,ORD001220,2024-11-08,184.53,服饰
U04878,ORD001221,2024-11-03,104.63,数码
U04882,ORD001222,2024-09-09,379.31,食品
U04882,ORD001223,2024-10-08,158.6,数码
U04883,ORD001224,2024-11-24,143.16,家居
U04883,ORD001225,2024-12-07,159.56,美妆
U04884,ORD001226,2024-06-04,499.99,家居
U04886,ORD001227,2024-12-10,166.18,服饰
U04888,ORD001228,2024-10-30,164.14,美妆
U04888,ORD001229,2024-11-18,120.54,家居
U04893,ORD001230,2024-10-16,481.56,家居
U04902,ORD001231,2024-09-11,318.92,数码
U04903,ORD001232,2024-05-08,128.72,食品
U04907,ORD001233,2024-12-28,478.38,美妆
U04910,ORD001234,2024-09-28,124.79,服饰
U04910,ORD001235,2024-10-25,188.98,食品
U04921,ORD001236,2024-12-24,103.71,服饰
U04921,ORD001237,2025-01-15,287.77,美妆
U04922,ORD001238,2024-11-14,301.74,食品
U04922,ORD001239,2024-12-06,89.91,家居
U04929,ORD001240,2024-11-13,73.62,服饰
U04932,ORD001241,2024-08-02,52.65,服饰
U04944,ORD001242,2024-08-10,432.62,美妆
U04944,ORD001243,2024-08-30,210.29,家居
U04946,ORD001244,2024-12-20,168.24,食品
U04946,ORD001245,2024-12-27,228.88,食品
U04952,ORD001246,2024-03-27,89.85,家居
U04952,ORD001247,2024-04-22,89.28,数码
U04957,ORD001248,2024-08-09,265.13,数码
U04960,ORD001249,2024-11-13,333.25,食品
U04968,ORD001250,2024-11-06,165.52,美妆
U04978,ORD001251,2024-06-19,421.0,数码
U04978,ORD001252,2024-07-07,232.1,服饰
U04980,ORD001253,2024-03-16,387.63,家居
U04981,ORD001254,2024-12-27,118.12,食品
U04981,ORD001255,2025-01-05,262.94,服饰
U04982,ORD001256,2024-06-29,86.15,数码
U04987,ORD001257,2024-11-07,99.5,数码
U04988,ORD001258,2024-10-12,197.13,服饰
U04991,ORD001259,2024-12-27,99.65,食品
U04992,ORD001260,2024-10-07,496.36,美妆
U04997,ORD001261,2024-05-10,163.78,家居
