user_id,recency_days,frequency,monetary,segment,R_score,F_score,M_score
U00001,5,24,26785.64,重要价值用户,5,5,5
U00002,35,8,4216.64,重要价值用户,3,4,4
U00003,75,3,978.3299999999999,一般挽留用户,2,2,3
U00004,62,1,236.57,一般挽留用户,3,1,2
U00005,62,1,103.62,一般挽留用户,3,1,1
U00006,2,3,535.52,一般发展用户,5,2,2
U00007,42,5,1527.02,重要价值用户,3,3,3
U00008,4,22,14118.76,重要价值用户,5,5,5
U00009,73,3,670.62,一般挽留用户,2,2,3
U00010,43,9,3851.25,重要价值用户,3,4,4
U00011,50,3,398.14,一般挽留用户,3,2,2
U00012,66,4,1461.71,重要挽留用户,3,3,3
U00013,33,6,731.65,一般价值用户,3,3,3
U00014,18,2,229.72,一般发展用户,4,1,2
U00015,282,1,158.73,一般挽留用户,1,1,1
U00016,5,14,13414.77,重要价值用户,5,5,5
U00017,232,2,223.92000000000002,一般挽留用户,1,1,2
U00018,19,27,7683.06,重要价值用户,4,5,5
U00019,110,6,1931.96,重要保持用户,2,3,4
U00020,52,7,880.15,一般保持用户,3,4,3
U00021,134,7,2787.43,重要保持用户,2,4,4
U00022,124,1,35.42,一般挽留用户,2,1,1
U00023,23,5,1762.15,重要价值用户,4,3,4
U00024,14,18,13035.4,重要价值用户,5,5,5
U00025,15,20,15516.21,重要价值用户,4,5,5
U00026,46,25,23273.9,重要价值用户,3,5,5
U00027,7,8,2188.84,重要价值用户,5,4,4
U00028,10,9,5828.36,重要价值用户,5,4,5
U00029,29,20,24395.59,重要价值用户,4,5,5
U00030,2,27,18333.13,重要价值用户,5,5,5
U00031,36,8,5079.97,重要价值用户,3,4,5
U00032,123,2,462.27,一般挽留用户,2,1,2
U00033,96,5,1990.9099999999999,重要保持用户,2,3,4
U00034,87,3,474.43,一般挽留用户,2,2,2
U00035,69,3,193.57,一般挽留用户,2,2,2
U00036,3,8,2832.85,重要价值用户,5,4,4
U00037,64,2,356.62,一般挽留用户,3,1,2
U00038,83,7,2665.08,重要保持用户,2,4,4
U00039,2,7,1423.99,重要价值用户,5,4,3
U00040,28,3,1500.62,重要发展用户,4,2,3
U00041,118,3,338.0,一般挽留用户,2,2,2
U00042,23,16,12089.09,重要价值用户,4,5,5
U00043,91,7,4786.4400000000005,重要保持用户,2,4,5
U00044,32,8,1147.58,重要价值用户,4,4,3
U00045,5,23,12256.59,重要价值用户,5,5,5
U00046,4,4,1910.24,重要发展用户,5,3,4
U00047,64,1,17.61,一般挽留用户,3,1,1
U00048,25,1,81.81,一般发展用户,4,1,1
U00049,22,8,3755.41,重要价值用户,4,4,4
U00050,23,6,3246.56,重要价值用户,4,3,4
U00051,34,6,2466.1,重要价值用户,3,3,4
U00052,35,2,154.67,一般发展用户,3,1,1
U00053,9,14,12023.17,重要价值用户,5,5,5
U00054,31,4,1059.6,一般发展用户,4,3,3
U00055,45,6,1985.55,重要价值用户,3,3,4
U00056,1,9,3455.3900000000003,重要价值用户,5,4,4
U00057,25,16,10115.539999999999,重要价值用户,4,5,5
U00058,241,3,406.86,一般挽留用户,1,2,2
U00059,201,3,544.72,一般挽留用户,1,2,3
U00060,12,12,7939.03,重要价值用户,5,5,5
U00061,29,9,2726.43,重要价值用户,4,4,4
U00062,39,13,6586.01,重要价值用户,3,5,5
U00063,8,10,8956.12,重要价值用户,5,5,5
U00064,8,5,1466.82,重要价值用户,5,3,3
U00065,135,3,360.97,一般挽留用户,1,2,2
U00066,313,1,38.27,一般挽留用户,1,1,1
U00067,102,9,2573.76,重要保持用户,2,4,4
U00068,125,3,144.0,一般挽留用户,2,2,1
U00069,41,2,248.21999999999997,一般发展用户,3,1,2
U00070,50,8,3144.79,重要保持用户,3,4,4
U00071,10,26,21280.82,重要价值用户,5,5,5
U00072,20,8,2953.93,重要价值用户,4,4,4
U00073,144,3,382.31,一般挽留用户,1,2,2
U00074,35,9,2921.93,重要价值用户,3,4,4
U00075,148,2,172.91,一般挽留用户,1,1,1
U00076,65,6,1942.23,重要保持用户,3,3,4
U00077,45,3,165.48000000000002,一般发展用户,3,2,1
U00078,15,21,6738.61,重要价值用户,4,5,5
U00079,4,13,9841.58,重要价值用户,5,5,5
U00080,2,12,6281.43,重要价值用户,5,5,5
U00081,7,3,135.7,一般发展用户,5,2,1
U00082,1,6,2804.31,重要价值用户,5,3,4
U00083,63,5,2087.03,重要保持用户,3,3,4
U00084,124,2,230.96,一般挽留用户,2,1,2
U00085,42,2,86.96000000000001,一般发展用户,3,1,1
U00086,15,6,2022.99,重要价值用户,4,3,4
U00087,23,8,914.12,一般价值用户,4,4,3
U00088,319,2,114.44,一般挽留用户,1,1,1
U00089,79,1,123.42,一般挽留用户,2,1,1
U00090,9,9,7138.62,重要价值用户,5,4,5
U00091,115,3,117.62,一般挽留用户,2,2,1
U00092,174,3,176.53,一般挽留用户,1,2,1
U00093,27,6,1652.54,重要价值用户,4,3,3
U00094,126,2,123.58,一般挽留用户,2,1,1
U00095,32,16,13355.07,重要价值用户,4,5,5
U00096,118,2,446.87,一般挽留用户,2,1,2
U00097,148,1,173.51,一般挽留用户,1,1,1
U00098,48,4,678.8,一般挽留用户,3,3,3
U00099,71,4,800.97,一般挽留用户,2,3,3
U00100,44,3,349.44,一般发展用户,3,2,2
U00101,108,2,180.59,一般挽留用户,2,1,1
U00102,51,4,1292.5900000000001,重要挽留用户,3,3,3
U00103,78,8,2061.4,重要保持用户,2,4,4
U00104,118,9,3551.1400000000003,重要保持用户,2,4,4
U00105,28,4,1511.01,重要发展用户,4,3,3
U00106,8,1,200.84,一般发展用户,5,1,2
U00107,82,3,619.98,一般挽留用户,2,2,3
U00108,31,5,1205.01,重要价值用户,4,3,3
U00109,3,5,1611.18,重要价值用户,5,3,3
U00110,25,1,104.35,一般发展用户,4,1,1
U00111,22,17,15919.42,重要价值用户,4,5,5
U00112,53,3,323.44,一般挽留用户,3,2,2
U00113,77,9,1887.48,重要保持用户,2,4,4
U00114,2,27,13757.28,重要价值用户,5,5,5
U00115,74,4,693.64,一般挽留用户,2,3,3
U00116,31,8,5068.62,重要价值用户,4,4,5
U00117,207,1,127.65,一般挽留用户,1,1,1
U00118,165,1,137.17,一般挽留用户,1,1,1
U00119,155,3,337.51,一般挽留用户,1,2,2
U00120,34,8,3405.3599999999997,重要价值用户,3,4,4
U00121,30,2,310.4,一般发展用户,4,1,2
U00122,48,4,1299.8,重要挽留用户,3,3,3
U00123,97,1,168.0,一般挽留用户,2,1,1
U00124,26,6,2890.6,重要价值用户,4,3,4
U00125,111,4,2168.23,重要挽留用户,2,3,4
U00126,1,15,6102.41,重要价值用户,5,5,5
U00127,25,10,7235.42,重要价值用户,4,5,5
U00128,163,2,419.26,一般挽留用户,1,1,2
U00129,27,8,1904.83,重要价值用户,4,4,4
U00130,254,2,67.4,一般挽留用户,1,1,1
U00131,210,2,425.36,一般挽留用户,1,1,2
U00132,2,2,371.53,一般发展用户,5,1,2
U00133,16,15,5249.49,重要价值用户,4,5,5
U00134,76,3,180.97000000000003,一般挽留用户,2,2,1
U00135,70,1,74.97,一般挽留用户,2,1,1
U00136,11,18,7839.650000000001,重要价值用户,5,5,5
U00137,33,8,3220.7200000000003,重要价值用户,3,4,4
U00138,1,5,2383.86,重要价值用户,5,3,4
U00139,33,3,510.3,一般发展用户,3,2,2
U00140,17,8,3728.8500000000004,重要价值用户,4,4,4
U00141,38,26,24878.69,重要价值用户,3,5,5
U00142,15,2,232.07,一般发展用户,4,1,2
U00143,310,1,140.75,一般挽留用户,1,1,1
U00144,22,12,10818.81,重要价值用户,4,5,5
U00145,6,22,18433.22,重要价值用户,5,5,5
U00146,64,3,1275.08,重要挽留用户,3,2,3
U00147,21,8,4466.01,重要价值用户,4,4,5
U00148,8,27,17855.22,重要价值用户,5,5,5
U00149,63,6,1016.8299999999999,一般保持用户,3,3,3
U00150,29,3,370.59000000000003,一般发展用户,4,2,2
U00151,6,2,367.78999999999996,一般发展用户,5,1,2
U00152,20,6,1601.75,重要价值用户,4,3,3
U00153,16,14,9242.56,重要价值用户,4,5,5
U00154,29,4,1938.5700000000002,重要发展用户,4,3,4
U00155,119,2,165.67000000000002,一般挽留用户,2,1,1
U00156,37,6,1247.3200000000002,重要价值用户,3,3,3
U00157,32,9,2949.59,重要价值用户,4,4,4
U00158,35,2,313.44,一般发展用户,3,1,2
U00159,2,22,5619.77,重要价值用户,5,5,5
U00160,10,3,325.77,一般发展用户,5,2,2
U00161,14,27,12359.38,重要价值用户,5,5,5
U00162,50,5,1791.1299999999999,重要保持用户,3,3,4
U00163,3,6,2592.02,重要价值用户,5,3,4
U00164,140,3,1664.24,重要挽留用户,1,2,3
U00165,172,3,351.69,一般挽留用户,1,2,2
U00166,1,14,8648.68,重要价值用户,5,5,5
U00167,23,7,3340.44,重要价值用户,4,4,4
U00168,23,10,4797.81,重要价值用户,4,5,5
U00169,148,3,277.03999999999996,一般挽留用户,1,2,2
U00170,40,4,1528.0,重要发展用户,3,3,3
U00171,123,1,158.11,一般挽留用户,2,1,1
U00172,280,1,106.55,一般挽留用户,1,1,1
U00173,67,3,202.71,一般挽留用户,2,2,2
U00174,99,3,490.51,一般挽留用户,2,2,2
U00175,134,2,322.2,一般挽留用户,2,1,2
U00176,13,22,12287.05,重要价值用户,5,5,5
U00177,36,9,3252.75,重要价值用户,3,4,4
U00178,74,3,427.06,一般挽留用户,2,2,2
U00179,20,19,8063.3,重要价值用户,4,5,5
U00180,107,7,1441.23,重要保持用户,2,4,3
U00181,344,1,74.81,一般挽留用户,1,1,1
U00182,15,9,2946.54,重要价值用户,4,4,4
U00183,17,10,3737.21,重要价值用户,4,5,4
U00184,32,9,3337.3500000000004,重要价值用户,4,4,4
U00185,47,2,276.98,一般挽留用户,3,1,2
U00186,43,6,2086.37,重要价值用户,3,3,4
U00187,47,1,145.52,一般挽留用户,3,1,1
U00188,321,3,450.45,一般挽留用户,1,2,2
U00189,33,9,3243.88,重要价值用户,3,4,4
U00190,130,6,2221.63,重要保持用户,2,3,4
U00191,26,8,4094.15,重要价值用户,4,4,4
U00192,276,1,159.42,一般挽留用户,1,1,1
U00193,5,24,7743.91,重要价值用户,5,5,5
U00194,37,17,15153.54,重要价值用户,3,5,5
U00195,236,2,440.63,一般挽留用户,1,1,2
U00196,143,3,173.08,一般挽留用户,1,2,1
U00197,7,3,633.25,一般发展用户,5,2,3
U00198,8,18,15545.71,重要价值用户,5,5,5
U00199,82,2,130.97,一般挽留用户,2,1,1
U00200,39,8,3602.21,重要价值用户,3,4,4
U00201,35,2,92.0,一般发展用户,3,1,1
U00202,113,7,2332.71,重要保持用户,2,4,4
U00203,102,4,676.7,一般挽留用户,2,3,3
U00204,144,1,87.22,一般挽留用户,1,1,1
U00205,17,9,2338.87,重要价值用户,4,4,4
U00206,16,4,525.54,一般发展用户,4,3,2
U00207,24,4,914.1300000000001,一般发展用户,4,3,3
U00208,3,25,22475.85,重要价值用户,5,5,5
U00209,58,15,7298.23,重要保持用户,3,5,5
U00210,147,8,8683.02,重要保持用户,1,4,5
U00211,78,6,2286.86,重要保持用户,2,3,4
U00212,31,4,807.65,一般发展用户,4,3,3
U00213,269,1,114.16,一般挽留用户,1,1,1
U00214,79,7,2120.12,重要保持用户,2,4,4
U00215,138,2,250.57,一般挽留用户,1,1,2
U00216,211,3,427.74,一般挽留用户,1,2,2
U00217,22,23,14354.130000000001,重要价值用户,4,5,5
U00218,11,9,4261.64,重要价值用户,5,4,4
U00219,177,2,261.09000000000003,一般挽留用户,1,1,2
U00220,18,2,220.87,一般发展用户,4,1,2
U00221,65,2,273.6,一般挽留用户,3,1,2
U00222,62,11,7991.69,重要保持用户,3,5,5
U00223,128,4,1653.4,重要挽留用户,2,3,3
U00224,9,26,24130.73,重要价值用户,5,5,5
U00225,116,1,79.08,一般挽留用户,2,1,1
U00226,23,6,1210.3899999999999,重要价值用户,4,3,3
U00227,221,2,325.71000000000004,一般挽留用户,1,1,2
U00228,23,24,8066.26,重要价值用户,4,5,5
U00229,57,2,128.8,一般挽留用户,3,1,1
U00230,11,23,15404.27,重要价值用户,5,5,5
U00231,207,2,279.97,一般挽留用户,1,1,2
U00232,30,18,10822.29,重要价值用户,4,5,5
U00233,220,1,216.47,一般挽留用户,1,1,2
U00234,106,2,289.87,一般挽留用户,2,1,2
U00235,12,6,1493.06,重要价值用户,5,3,3
U00236,42,3,829.39,一般发展用户,3,2,3
U00237,150,3,338.51,一般挽留用户,1,2,2
U00238,23,6,2229.7,重要价值用户,4,3,4
U00239,33,21,14404.22,重要价值用户,3,5,5
U00240,53,2,297.49,一般挽留用户,3,1,2
U00241,184,3,127.53000000000002,一般挽留用户,1,2,1
U00242,89,1,163.1,一般挽留用户,2,1,1
U00243,311,1,55.8,一般挽留用户,1,1,1
U00244,37,9,4800.19,重要价值用户,3,4,5
U00245,169,1,79.73,一般挽留用户,1,1,1
U00246,22,6,1801.84,重要价值用户,4,3,4
U00247,1,6,2582.4300000000003,重要价值用户,5,3,4
U00248,56,8,1426.1,重要保持用户,3,4,3
U00249,160,2,312.41,一般挽留用户,1,1,2
U00250,231,2,71.93,一般挽留用户,1,1,1
U00251,7,4,559.48,一般发展用户,5,3,3
U00252,9,26,17650.71,重要价值用户,5,5,5
U00253,43,3,222.31,一般发展用户,3,2,2
U00254,13,1,153.12,一般发展用户,5,1,1
U00255,4,3,313.86,一般发展用户,5,2,2
U00256,152,7,2528.84,重要保持用户,1,4,4
U00257,46,7,2910.51,重要价值用户,3,4,4
U00258,15,29,22741.25,重要价值用户,4,5,5
U00259,108,2,113.07,一般挽留用户,2,1,1
U00260,20,8,3842.87,重要价值用户,4,4,4
U00261,8,7,3365.85,重要价值用户,5,4,4
U00262,1,20,11901.54,重要价值用户,5,5,5
U00263,52,2,402.8,一般挽留用户,3,1,2
U00264,65,6,1996.7600000000002,重要保持用户,3,3,4
U00265,95,5,2639.11,重要保持用户,2,3,4
U00266,51,4,532.83,一般挽留用户,3,3,2
U00267,149,9,1915.15,重要保持用户,1,4,4
U00268,202,1,26.29,一般挽留用户,1,1,1
U00269,66,3,757.8900000000001,一般挽留用户,3,2,3
U00270,7,23,20146.98,重要价值用户,5,5,5
U00271,13,19,13840.16,重要价值用户,5,5,5
U00272,110,4,1585.71,重要挽留用户,2,3,3
U00273,13,27,14829.789999999999,重要价值用户,5,5,5
U00274,125,1,118.18,一般挽留用户,2,1,1
U00275,220,2,84.47,一般挽留用户,1,1,1
U00276,43,13,11919.31,重要价值用户,3,5,5
U00277,237,3,228.81,一般挽留用户,1,2,2
U00278,10,16,9318.619999999999,重要价值用户,5,5,5
U00279,198,4,825.25,一般挽留用户,1,3,3
U00280,150,3,690.05,一般挽留用户,1,2,3
U00281,7,5,2570.59,重要价值用户,5,3,4
U00282,7,8,3897.4300000000003,重要价值用户,5,4,4
U00283,297,1,168.06,一般挽留用户,1,1,1
U00284,34,4,1251.33,重要发展用户,3,3,3
U00285,188,1,60.58,一般挽留用户,1,1,1
U00286,152,1,104.58,一般挽留用户,1,1,1
U00287,55,2,228.87,一般挽留用户,3,1,2
U00288,25,25,13815.92,重要价值用户,4,5,5
U00289,51,6,3067.47,重要保持用户,3,3,4
U00290,2,24,15880.03,重要价值用户,5,5,5
U00291,29,14,4194.12,重要价值用户,4,5,4
U00292,3,20,9559.5,重要价值用户,5,5,5
U00293,38,1,65.25,一般发展用户,3,1,1
U00294,7,4,763.1400000000001,一般发展用户,5,3,3
U00295,43,2,420.37,一般发展用户,3,1,2
U00296,76,3,260.63,一般挽留用户,2,2,2
U00297,30,7,2457.5299999999997,重要价值用户,4,4,4
U00298,56,27,10984.26,重要保持用户,3,5,5
U00299,100,8,1736.39,重要保持用户,2,4,4
U00300,189,2,104.22,一般挽留用户,1,1,1
U00301,8,3,648.96,一般发展用户,5,2,3
U00302,12,8,2513.4700000000003,重要价值用户,5,4,4
U00303,82,3,354.96000000000004,一般挽留用户,2,2,2
U00304,33,8,1970.56,重要价值用户,3,4,4
U00305,29,2,146.53,一般发展用户,4,1,1
U00306,17,9,4368.35,重要价值用户,4,4,5
U00307,136,2,292.37,一般挽留用户,1,1,2
U00308,20,12,10285.939999999999,重要价值用户,4,5,5
U00309,48,3,130.05,一般挽留用户,3,2,1
U00310,8,9,11735.89,重要价值用户,5,4,5
U00311,284,2,291.29,一般挽留用户,1,1,2
U00312,189,2,182.8,一般挽留用户,1,1,1
U00313,76,14,8015.98,重要保持用户,2,5,5
U00314,170,3,644.41,一般挽留用户,1,2,3
U00315,347,1,20.45,一般挽留用户,1,1,1
U00316,305,1,114.79,一般挽留用户,1,1,1
U00317,7,3,504.44,一般发展用户,5,2,2
U00318,239,1,60.82,一般挽留用户,1,1,1
U00319,33,3,213.18,一般发展用户,3,2,2
U00320,24,6,3060.48,重要价值用户,4,3,4
U00321,91,6,2696.8,重要保持用户,2,3,4
U00322,32,3,756.05,一般发展用户,4,2,3
U00323,3,9,1744.44,重要价值用户,5,4,4
U00324,5,8,2421.71,重要价值用户,5,4,4
U00325,52,6,1027.08,一般保持用户,3,3,3
U00326,228,3,396.55,一般挽留用户,1,2,2
U00327,6,25,14513.380000000001,重要价值用户,5,5,5
U00328,244,1,78.02,一般挽留用户,1,1,1
U00329,10,9,2081.24,重要价值用户,5,4,4
U00330,127,7,1952.56,重要保持用户,2,4,4
U00331,113,7,2041.8400000000001,重要保持用户,2,4,4
U00332,28,22,19475.5,重要价值用户,4,5,5
U00333,12,2,273.48,一般发展用户,5,1,2
U00334,12,9,2048.95,重要价值用户,5,4,4
U00335,16,18,17015.44,重要价值用户,4,5,5
U00336,7,3,303.40999999999997,一般发展用户,5,2,2
U00337,44,8,3008.27,重要价值用户,3,4,4
U00338,11,5,1295.29,重要价值用户,5,3,3
U00339,56,20,8296.26,重要保持用户,3,5,5
U00340,37,3,153.35,一般发展用户,3,2,1
U00341,155,2,97.46000000000001,一般挽留用户,1,1,1
U00342,115,8,2058.25,重要保持用户,2,4,4
U00343,34,5,2094.75,重要价值用户,3,3,4
U00344,167,1,73.05,一般挽留用户,1,1,1
U00345,49,13,8760.34,重要保持用户,3,5,5
U00346,5,10,5693.01,重要价值用户,5,5,5
U00347,1,26,7913.75,重要价值用户,5,5,5
U00348,4,9,3996.55,重要价值用户,5,4,4
U00349,172,6,1816.93,重要保持用户,1,3,4
U00350,4,17,12429.06,重要价值用户,5,5,5
U00351,309,2,139.8,一般挽留用户,1,1,1
U00352,78,4,1338.47,重要挽留用户,2,3,3
U00353,46,3,215.63,一般发展用户,3,2,2
U00354,283,1,68.31,一般挽留用户,1,1,1
U00355,12,3,323.68,一般发展用户,5,2,2
U00356,18,5,1811.5500000000002,重要价值用户,4,3,4
U00357,10,4,2273.9700000000003,重要发展用户,5,3,4
U00358,84,5,2141.54,重要保持用户,2,3,4
U00359,7,5,1749.57,重要价值用户,5,3,4
U00360,1,9,2912.37,重要价值用户,5,4,4
U00361,320,2,66.04,一般挽留用户,1,1,1
U00362,96,3,1623.42,重要挽留用户,2,2,3
U00363,159,4,1331.77,重要挽留用户,1,3,3
U00364,73,8,3229.01,重要保持用户,2,4,4
U00365,9,9,3334.18,重要价值用户,5,4,4
U00366,301,1,145.47,一般挽留用户,1,1,1
U00367,206,1,123.14,一般挽留用户,1,1,1
U00368,221,3,344.85999999999996,一般挽留用户,1,2,2
U00369,5,26,10551.55,重要价值用户,5,5,5
U00370,193,2,138.97,一般挽留用户,1,1,1
U00371,10,6,1497.8200000000002,重要价值用户,5,3,3
U00372,28,7,1082.6,一般价值用户,4,4,3
U00373,160,3,132.51999999999998,一般挽留用户,1,2,1
U00374,37,13,8108.84,重要价值用户,3,5,5
U00375,180,6,1581.71,重要保持用户,1,3,3
U00376,20,10,6297.99,重要价值用户,4,5,5
U00377,32,3,284.11,一般发展用户,4,2,2
U00378,33,18,10612.130000000001,重要价值用户,3,5,5
U00379,244,2,383.2,一般挽留用户,1,1,2
U00380,148,4,1264.37,重要挽留用户,1,3,3
U00381,251,1,58.15,一般挽留用户,1,1,1
U00382,140,2,182.85,一般挽留用户,1,1,1
U00383,163,3,665.28,一般挽留用户,1,2,3
U00384,16,4,1604.08,重要发展用户,4,3,3
U00385,18,25,14176.9,重要价值用户,4,5,5
U00386,28,26,27055.190000000002,重要价值用户,4,5,5
U00387,24,9,2198.13,重要价值用户,4,4,4
U00388,78,9,4472.36,重要保持用户,2,4,5
U00389,134,3,439.81,一般挽留用户,2,2,2
U00390,36,5,1589.42,重要价值用户,3,3,3
U00391,27,6,1863.26,重要价值用户,4,3,4
U00392,1,8,2641.93,重要价值用户,5,4,4
U00393,30,2,165.54000000000002,一般发展用户,4,1,1
U00394,66,3,268.15,一般挽留用户,3,2,2
U00395,177,1,33.93,一般挽留用户,1,1,1
U00396,21,3,1579.39,重要发展用户,4,2,3
U00397,48,8,1502.28,重要保持用户,3,4,3
U00398,38,3,217.35999999999999,一般发展用户,3,2,2
U00399,53,5,2181.81,重要保持用户,3,3,4
U00400,11,7,2399.29,重要价值用户,5,4,4
U00401,13,5,1171.1100000000001,重要价值用户,5,3,3
U00402,42,1,52.96,一般发展用户,3,1,1
U00403,46,6,819.37,一般价值用户,3,3,3
U00404,68,3,388.81,一般挽留用户,2,2,2
U00405,33,5,837.83,一般价值用户,3,3,3
U00406,42,2,198.82,一般发展用户,3,1,2
U00407,200,3,333.27,一般挽留用户,1,2,2
U00408,8,10,3330.54,重要价值用户,5,5,4
U00409,109,6,1109.43,一般保持用户,2,3,3
U00410,130,14,12932.33,重要保持用户,2,5,5
U00411,111,6,1332.6,重要保持用户,2,3,3
U00412,311,1,41.44,一般挽留用户,1,1,1
U00413,4,25,26204.81,重要价值用户,5,5,5
U00414,132,2,357.85,一般挽留用户,2,1,2
U00415,204,1,147.03,一般挽留用户,1,1,1
U00416,2,2,79.0,一般发展用户,5,1,1
U00417,103,4,1218.14,重要挽留用户,2,3,3
U00418,40,9,2101.46,重要价值用户,3,4,4
U00419,103,1,31.18,一般挽留用户,2,1,1
U00420,47,2,107.28999999999999,一般挽留用户,3,1,1
U00421,101,3,364.46000000000004,一般挽留用户,2,2,2
U00422,30,5,2730.45,重要价值用户,4,3,4
U00423,21,6,1790.06,重要价值用户,4,3,4
U00424,56,8,3915.52,重要保持用户,3,4,4
U00425,186,3,999.78,一般挽留用户,1,2,3
U00426,48,3,260.51,一般挽留用户,3,2,2
U00427,11,22,9583.09,重要价值用户,5,5,5
U00428,40,7,2082.19,重要价值用户,3,4,4
U00429,54,16,12335.6,重要保持用户,3,5,5
U00430,9,28,17393.68,重要价值用户,5,5,5
U00431,353,1,59.37,一般挽留用户,1,1,1
U00432,11,6,841.55,一般价值用户,5,3,3
U00433,91,6,2237.11,重要保持用户,2,3,4
U00434,86,3,929.29,一般挽留用户,2,2,3
U00435,7,1,89.12,一般发展用户,5,1,1
U00436,1,12,8992.58,重要价值用户,5,5,5
U00437,18,15,9300.89,重要价值用户,4,5,5
U00438,144,3,561.51,一般挽留用户,1,2,3
U00439,347,1,66.0,一般挽留用户,1,1,1
U00440,8,21,17239.28,重要价值用户,5,5,5
U00441,48,7,2356.45,重要保持用户,3,4,4
U00442,52,23,9699.01,重要保持用户,3,5,5
U00443,211,1,132.83,一般挽留用户,1,1,1
U00444,31,3,495.40999999999997,一般发展用户,4,2,2
U00445,39,7,1825.0,重要价值用户,3,4,4
U00446,340,1,99.95,一般挽留用户,1,1,1
U00447,341,1,208.07,一般挽留用户,1,1,2
U00448,3,22,13859.48,重要价值用户,5,5,5
U00449,37,5,1163.82,重要价值用户,3,3,3
U00450,22,7,8535.52,重要价值用户,4,4,5
U00451,36,19,12286.34,重要价值用户,3,5,5
U00452,62,7,1632.99,重要保持用户,3,4,3
U00453,91,4,1589.4,重要挽留用户,2,3,3
U00454,13,22,21559.22,重要价值用户,5,5,5
U00455,74,3,442.69,一般挽留用户,2,2,2
U00456,194,3,1576.74,重要挽留用户,1,2,3
U00457,90,4,712.83,一般挽留用户,2,3,3
U00458,32,8,2431.12,重要价值用户,4,4,4
U00459,20,9,1274.15,重要价值用户,4,4,3
U00460,313,3,171.98000000000002,一般挽留用户,1,2,1
U00461,57,17,12169.73,重要保持用户,3,5,5
U00462,359,1,165.41,一般挽留用户,1,1,1
U00463,1,7,1580.1,重要价值用户,5,4,3
U00464,10,2,275.66999999999996,一般发展用户,5,1,2
U00465,24,4,947.72,一般发展用户,4,3,3
U00466,31,18,10870.73,重要价值用户,4,5,5
U00467,32,6,1965.6799999999998,重要价值用户,4,3,4
U00468,51,25,19068.1,重要保持用户,3,5,5
U00469,48,2,335.32,一般挽留用户,3,1,2
U00470,23,2,268.34999999999997,一般发展用户,4,1,2
U00471,23,16,12434.85,重要价值用户,4,5,5
U00472,25,3,380.12,一般发展用户,4,2,2
U00473,245,3,212.22,一般挽留用户,1,2,2
U00474,16,8,2574.6,重要价值用户,4,4,4
U00475,60,6,2436.45,重要保持用户,3,3,4
U00476,92,2,300.74,一般挽留用户,2,1,2
U00477,10,4,1367.04,重要发展用户,5,3,3
U00478,267,2,404.28,一般挽留用户,1,1,2
U00479,101,3,684.73,一般挽留用户,2,2,3
U00480,98,3,529.0,一般挽留用户,2,2,2
U00481,14,3,855.32,一般发展用户,5,2,3
U00482,1,28,22412.760000000002,重要价值用户,5,5,5
U00483,44,12,3272.75,重要价值用户,3,5,4
U00484,1,4,1302.46,重要发展用户,5,3,3
U00485,5,12,8415.5,重要价值用户,5,5,5
U00486,223,1,92.67,一般挽留用户,1,1,1
U00487,11,5,1481.92,重要价值用户,5,3,3
U00488,4,8,1598.71,重要价值用户,5,4,3
U00489,90,3,131.31,一般挽留用户,2,2,1
U00490,207,1,72.1,一般挽留用户,1,1,1
U00491,50,3,1188.3400000000001,重要挽留用户,3,2,3
U00492,107,3,781.35,一般挽留用户,2,2,3
U00493,9,18,12620.539999999999,重要价值用户,5,5,5
U00494,73,8,2570.8,重要保持用户,2,4,4
U00495,19,9,2752.46,重要价值用户,4,4,4
U00496,195,6,2718.67,重要保持用户,1,3,4
U00497,2,5,1310.3700000000001,重要价值用户,5,3,3
U00498,300,2,303.4,一般挽留用户,1,1,2
U00499,262,3,240.2,一般挽留用户,1,2,2
U00500,152,9,1409.43,重要保持用户,1,4,3
U00501,107,3,78.87,一般挽留用户,2,2,1
U00502,21,23,14606.7,重要价值用户,4,5,5
U00503,246,2,272.34,一般挽留用户,1,1,2
U00504,42,3,867.2900000000001,一般发展用户,3,2,3
U00505,129,1,144.71,一般挽留用户,2,1,1
U00506,136,2,124.87,一般挽留用户,1,1,1
U00507,10,23,7928.96,重要价值用户,5,5,5
U00508,148,3,329.93,一般挽留用户,1,2,2
U00509,37,8,1229.01,重要价值用户,3,4,3
U00510,70,4,1061.72,一般挽留用户,2,3,3
U00511,16,4,1351.81,重要发展用户,4,3,3
U00512,173,2,465.03999999999996,一般挽留用户,1,1,2
U00513,4,8,1979.56,重要价值用户,5,4,4
U00514,29,29,17706.9,重要价值用户,4,5,5
U00515,22,2,236.48,一般发展用户,4,1,2
U00516,13,9,3925.34,重要价值用户,5,4,4
U00517,27,8,1260.68,重要价值用户,4,4,3
U00518,90,1,20.69,一般挽留用户,2,1,1
U00519,60,8,1820.48,重要保持用户,3,4,4
U00520,9,22,20563.95,重要价值用户,5,5,5
U00521,124,3,140.42,一般挽留用户,2,2,1
U00522,109,3,146.1,一般挽留用户,2,2,1
U00523,11,3,623.45,一般发展用户,5,2,3
U00524,10,7,1501.38,重要价值用户,5,4,3
U00525,26,1,50.35,一般发展用户,4,1,1
U00526,4,20,11799.16,重要价值用户,5,5,5
U00527,310,1,95.55,一般挽留用户,1,1,1
U00528,128,2,62.42999999999999,一般挽留用户,2,1,1
U00529,45,2,156.41,一般发展用户,3,1,1
U00530,9,25,7125.71,重要价值用户,5,5,5
U00531,202,1,39.24,一般挽留用户,1,1,1
U00532,116,4,2023.85,重要挽留用户,2,3,4
U00533,19,8,1400.46,重要价值用户,4,4,3
U00534,156,1,74.59,一般挽留用户,1,1,1
U00535,17,8,2847.93,重要价值用户,4,4,4
U00536,28,6,2660.17,重要价值用户,4,3,4
U00537,41,3,182.66,一般发展用户,3,2,1
U00538,26,5,1568.35,重要价值用户,4,3,3
U00539,16,9,1491.03,重要价值用户,4,4,3
U00540,64,3,515.02,一般挽留用户,3,2,2
U00541,5,8,2565.64,重要价值用户,5,4,4
U00542,154,2,164.93,一般挽留用户,1,1,1
U00543,15,24,9018.53,重要价值用户,4,5,5
U00544,29,8,2149.39,重要价值用户,4,4,4
U00545,89,8,2188.49,重要保持用户,2,4,4
U00546,10,8,5814.62,重要价值用户,5,4,5
U00547,17,3,348.28,一般发展用户,4,2,2
U00548,89,1,240.88,一般挽留用户,2,1,2
U00549,88,6,2025.4,重要保持用户,2,3,4
U00550,5,27,14014.58,重要价值用户,5,5,5
U00551,337,1,31.82,一般挽留用户,1,1,1
U00552,24,1,88.59,一般发展用户,4,1,1
U00553,153,2,109.98,一般挽留用户,1,1,1
U00554,66,8,3482.83,重要保持用户,3,4,4
U00555,4,4,945.0699999999999,一般发展用户,5,3,3
U00556,31,18,8397.64,重要价值用户,4,5,5
U00557,44,7,2938.04,重要价值用户,3,4,4
U00558,3,25,10844.62,重要价值用户,5,5,5
U00559,235,1,117.96,一般挽留用户,1,1,1
U00560,75,2,253.25,一般挽留用户,2,1,2
U00561,67,13,7159.84,重要保持用户,2,5,5
U00562,140,3,634.14,一般挽留用户,1,2,3
U00563,181,1,108.02,一般挽留用户,1,1,1
U00564,42,9,4143.34,重要价值用户,3,4,4
U00565,16,5,1715.56,重要价值用户,4,3,4
U00566,14,21,13579.19,重要价值用户,5,5,5
U00567,3,8,2014.85,重要价值用户,5,4,4
U00568,31,6,1974.8000000000002,重要价值用户,4,3,4
U00569,311,1,123.11,一般挽留用户,1,1,1
U00570,6,22,10965.47,重要价值用户,5,5,5
U00571,15,9,2269.36,重要价值用户,4,4,4
U00572,168,2,372.18,一般挽留用户,1,1,2
U00573,66,6,1694.16,重要保持用户,3,3,3
U00574,38,2,97.81,一般发展用户,3,1,1
U00575,46,7,3572.84,重要价值用户,3,4,4
U00576,24,4,1290.45,重要发展用户,4,3,3
U00577,122,3,302.29,一般挽留用户,2,2,2
U00578,24,3,308.85,一般发展用户,4,2,2
U00579,127,2,530.3499999999999,一般挽留用户,2,1,2
U00580,20,3,472.46,一般发展用户,4,2,2
U00581,164,1,93.89,一般挽留用户,1,1,1
U00582,17,3,376.22,一般发展用户,4,2,2
U00583,24,2,406.72,一般发展用户,4,1,2
U00584,108,2,126.39,一般挽留用户,2,1,1
U00585,48,6,2181.08,重要保持用户,3,3,4
U00586,12,25,17215.84,重要价值用户,5,5,5
U00587,5,8,1372.36,重要价值用户,5,4,3
U00588,16,3,141.26,一般发展用户,4,2,1
U00589,68,4,1133.78,一般挽留用户,2,3,3
U00590,48,9,2973.13,重要保持用户,3,4,4
U00591,38,25,13015.94,重要价值用户,3,5,5
U00592,14,7,1269.31,重要价值用户,5,4,3
U00593,158,2,110.68,一般挽留用户,1,1,1
U00594,72,5,1821.83,重要保持用户,2,3,4
U00595,28,7,1330.45,重要价值用户,4,4,3
U00596,6,2,204.91000000000003,一般发展用户,5,1,2
U00597,25,18,9150.79,重要价值用户,4,5,5
U00598,18,5,1784.38,重要价值用户,4,3,4
U00599,29,17,11814.18,重要价值用户,4,5,5
U00600,19,7,3662.43,重要价值用户,4,4,4
U00601,24,9,1810.66,重要价值用户,4,4,4
U00602,2,26,6868.86,重要价值用户,5,5,5
U00603,27,6,1334.89,重要价值用户,4,3,3
U00604,5,5,1817.4099999999999,重要价值用户,5,3,4
U00605,335,2,101.63,一般挽留用户,1,1,1
U00606,10,10,7351.950000000001,重要价值用户,5,5,5
U00607,180,1,98.35,一般挽留用户,1,1,1
U00608,108,3,243.66,一般挽留用户,2,2,2
U00609,62,9,3614.42,重要保持用户,3,4,4
U00610,14,21,9254.2,重要价值用户,5,5,5
U00611,365,1,209.58,一般挽留用户,1,1,2
U00612,17,3,187.75,一般发展用户,4,2,2
U00613,93,1,34.64,一般挽留用户,2,1,1
U00614,23,3,130.0,一般发展用户,4,2,1
U00615,255,2,155.45,一般挽留用户,1,1,1
U00616,31,20,7940.36,重要价值用户,4,5,5
U00617,194,1,61.05,一般挽留用户,1,1,1
U00618,159,1,55.31,一般挽留用户,1,1,1
U00619,28,4,834.9300000000001,一般发展用户,4,3,3
U00620,10,7,1147.96,重要价值用户,5,4,3
U00621,49,20,5788.92,重要保持用户,3,5,5
U00622,56,6,1952.47,重要保持用户,3,3,4
U00623,52,3,164.7,一般挽留用户,3,2,1
U00624,72,10,3929.34,重要保持用户,2,5,4
U00625,112,4,1007.9300000000001,一般挽留用户,2,3,3
U00626,71,3,475.28,一般挽留用户,2,2,2
U00627,42,6,2117.2,重要价值用户,3,3,4
U00628,81,4,895.87,一般挽留用户,2,3,3
U00629,24,11,9434.35,重要价值用户,4,5,5
U00630,81,3,344.81,一般挽留用户,2,2,2
U00631,33,6,1463.1,重要价值用户,3,3,3
U00632,31,2,428.74,一般发展用户,4,1,2
U00633,95,3,1215.97,重要挽留用户,2,2,3
U00634,81,5,2174.42,重要保持用户,2,3,4
U00635,3,3,533.46,一般发展用户,5,2,2
U00636,87,2,226.23000000000002,一般挽留用户,2,1,2
U00637,253,3,252.92000000000002,一般挽留用户,1,2,2
U00638,134,3,148.62,一般挽留用户,2,2,1
U00639,39,8,3876.3100000000004,重要价值用户,3,4,4
U00640,15,22,16138.92,重要价值用户,4,5,5
U00641,297,2,190.47,一般挽留用户,1,1,2
U00642,11,19,9110.21,重要价值用户,5,5,5
U00643,50,9,2923.28,重要保持用户,3,4,4
U00644,235,2,163.85,一般挽留用户,1,1,1
U00645,29,3,1374.57,重要发展用户,4,2,3
U00646,85,4,994.74,一般挽留用户,2,3,3
U00647,73,1,84.22,一般挽留用户,2,1,1
U00648,10,9,1621.07,重要价值用户,5,4,3
U00649,162,3,166.34,一般挽留用户,1,2,1
U00650,83,4,548.81,一般挽留用户,2,3,3
U00651,27,7,3687.75,重要价值用户,4,4,4
U00652,1,14,4731.7,重要价值用户,5,5,5
U00653,2,9,2277.42,重要价值用户,5,4,4
U00654,170,3,210.91,一般挽留用户,1,2,2
U00655,81,8,4749.04,重要保持用户,2,4,5
U00656,200,1,194.1,一般挽留用户,1,1,2
U00657,36,7,1724.6,重要价值用户,3,4,4
U00658,102,1,72.22,一般挽留用户,2,1,1
U00659,70,3,2020.6,重要挽留用户,2,2,4
U00660,284,1,82.23,一般挽留用户,1,1,1
U00661,19,7,2219.46,重要价值用户,4,4,4
U00662,13,1,67.18,一般发展用户,5,1,1
U00663,106,2,163.35,一般挽留用户,2,1,1
U00664,76,1,136.1,一般挽留用户,2,1,1
U00665,93,3,700.04,一般挽留用户,2,2,3
U00666,91,3,568.32,一般挽留用户,2,2,3
U00667,8,8,2400.13,重要价值用户,5,4,4
U00668,5,20,18260.94,重要价值用户,5,5,5
U00669,113,12,9625.13,重要保持用户,2,5,5
U00670,46,15,7511.7699999999995,重要价值用户,3,5,5
U00671,110,2,314.7,一般挽留用户,2,1,2
U00672,17,2,191.82,一般发展用户,4,1,2
U00673,24,2,283.73,一般发展用户,4,1,2
U00674,35,19,12254.630000000001,重要价值用户,3,5,5
U00675,251,1,69.34,一般挽留用户,1,1,1
U00676,37,2,275.56,一般发展用户,3,1,2
U00677,101,4,862.77,一般挽留用户,2,3,3
U00678,109,5,1482.6399999999999,重要保持用户,2,3,3
U00679,68,2,234.32,一般挽留用户,2,1,2
U00680,3,20,21067.86,重要价值用户,5,5,5
U00681,77,7,3047.21,重要保持用户,2,4,4
U00682,72,2,199.38,一般挽留用户,2,1,2
U00683,289,1,124.75,一般挽留用户,1,1,1
U00684,281,1,78.36,一般挽留用户,1,1,1
U00685,215,3,1784.81,重要挽留用户,1,2,4
U00686,59,13,12048.68,重要保持用户,3,5,5
U00687,21,8,2955.72,重要价值用户,4,4,4
U00688,44,2,364.1,一般发展用户,3,1,2
U00689,45,21,23805.44,重要价值用户,3,5,5
U00690,92,5,2676.39,重要保持用户,2,3,4
U00691,12,5,2197.98,重要价值用户,5,3,4
U00692,287,2,145.84,一般挽留用户,1,1,1
U00693,9,22,18951.28,重要价值用户,5,5,5
U00694,114,4,557.98,一般挽留用户,2,3,3
U00695,25,6,2899.9700000000003,重要价值用户,4,3,4
U00696,45,3,442.38,一般发展用户,3,2,2
U00697,177,1,178.2,一般挽留用户,1,1,1
U00698,49,8,1406.64,重要保持用户,3,4,3
U00699,177,5,799.63,一般保持用户,1,3,3
U00700,151,1,87.19,一般挽留用户,1,1,1
U00701,121,2,89.98,一般挽留用户,2,1,1
U00702,87,2,84.52000000000001,一般挽留用户,2,1,1
U00703,98,6,1850.3799999999999,重要保持用户,2,3,4
U00704,24,5,2667.08,重要价值用户,4,3,4
U00705,325,1,202.62,一般挽留用户,1,1,2
U00706,43,9,1028.27,一般价值用户,3,4,3
U00707,313,1,188.22,一般挽留用户,1,1,2
U00708,108,2,82.04,一般挽留用户,2,1,1
U00709,86,1,63.73,一般挽留用户,2,1,1
U00710,16,9,3893.66,重要价值用户,4,4,4
U00711,17,15,8196.68,重要价值用户,4,5,5
U00712,58,3,389.15,一般挽留用户,3,2,2
U00713,65,3,208.85,一般挽留用户,3,2,2
U00714,21,23,21385.04,重要价值用户,4,5,5
U00715,182,2,162.67000000000002,一般挽留用户,1,1,1
U00716,155,1,48.74,一般挽留用户,1,1,1
U00717,37,20,9373.38,重要价值用户,3,5,5
U00718,238,2,171.34,一般挽留用户,1,1,1
U00719,38,2,282.21000000000004,一般发展用户,3,1,2
U00720,232,3,296.04999999999995,一般挽留用户,1,2,2
U00721,65,5,1090.33,一般保持用户,3,3,3
U00722,82,4,1025.37,一般挽留用户,2,3,3
U00723,4,20,13242.2,重要价值用户,5,5,5
U00724,22,25,23678.93,重要价值用户,4,5,5
U00725,265,1,187.09,一般挽留用户,1,1,1
U00726,23,13,3830.71,重要价值用户,4,5,4
U00727,8,18,7815.09,重要价值用户,5,5,5
U00728,345,1,161.97,一般挽留用户,1,1,1
U00729,205,1,59.35,一般挽留用户,1,1,1
U00730,30,3,1632.6399999999999,重要发展用户,4,2,3
U00731,164,1,24.86,一般挽留用户,1,1,1
U00732,55,3,1154.93,重要挽留用户,3,2,3
U00733,164,2,189.19,一般挽留用户,1,1,2
U00734,46,2,361.46000000000004,一般发展用户,3,1,2
U00735,20,2,281.7,一般发展用户,4,1,2
U00736,233,1,153.28,一般挽留用户,1,1,1
U00737,19,6,1555.81,重要价值用户,4,3,3
U00738,146,2,221.7,一般挽留用户,1,1,2
U00739,5,26,17768.02,重要价值用户,5,5,5
U00740,35,17,11631.92,重要价值用户,3,5,5
U00741,7,2,284.15,一般发展用户,5,1,2
U00742,15,4,665.5799999999999,一般发展用户,4,3,3
U00743,35,4,1443.57,重要发展用户,3,3,3
U00744,238,3,810.5799999999999,一般挽留用户,1,2,3
U00745,62,5,2199.7,重要保持用户,3,3,4
U00746,125,1,72.18,一般挽留用户,2,1,1
U00747,231,3,482.28999999999996,一般挽留用户,1,2,2
U00748,1,19,10335.09,重要价值用户,5,5,5
U00749,87,9,1828.31,重要保持用户,2,4,4
U00750,1,22,13753.12,重要价值用户,5,5,5
U00751,72,20,12662.35,重要保持用户,2,5,5
U00752,22,13,11313.04,重要价值用户,4,5,5
U00753,6,8,2899.2200000000003,重要价值用户,5,4,4
U00754,64,6,692.53,一般保持用户,3,3,3
U00755,54,16,6383.400000000001,重要保持用户,3,5,5
U00756,48,8,2697.92,重要保持用户,3,4,4
U00757,138,2,203.94,一般挽留用户,1,1,2
U00758,24,5,1350.13,重要价值用户,4,3,3
U00759,6,5,1331.0,重要价值用户,5,3,3
U00760,57,1,208.35,一般挽留用户,3,1,2
U00761,9,25,11351.07,重要价值用户,5,5,5
U00762,84,9,2620.48,重要保持用户,2,4,4
U00763,100,4,801.67,一般挽留用户,2,3,3
U00764,168,7,2294.67,重要保持用户,1,4,4
U00765,322,2,322.14,一般挽留用户,1,1,2
U00766,134,2,428.95000000000005,一般挽留用户,2,1,2
U00767,127,1,61.53,一般挽留用户,2,1,1
U00768,106,2,178.89999999999998,一般挽留用户,2,1,1
U00769,86,1,87.95,一般挽留用户,2,1,1
U00770,37,11,7067.6,重要价值用户,3,5,5
U00771,42,3,264.11,一般发展用户,3,2,2
U00772,156,2,232.97,一般挽留用户,1,1,2
U00773,129,8,1563.25,重要保持用户,2,4,3
U00774,3,17,16045.869999999999,重要价值用户,5,5,5
U00775,8,9,2853.5,重要价值用户,5,4,4
U00776,28,22,12364.27,重要价值用户,4,5,5
U00777,39,3,820.98,一般发展用户,3,2,3
U00778,1,23,19095.77,重要价值用户,5,5,5
U00779,20,9,5055.3,重要价值用户,4,4,5
U00780,253,1,137.85,一般挽留用户,1,1,1
U00781,14,17,10389.87,重要价值用户,5,5,5
U00782,240,3,213.65,一般挽留用户,1,2,2
U00783,87,4,549.7,一般挽留用户,2,3,3
U00784,59,17,7960.2,重要保持用户,3,5,5
U00785,25,6,2257.63,重要价值用户,4,3,4
U00786,76,6,3542.8999999999996,重要保持用户,2,3,4
U00787,63,8,1683.44,重要保持用户,3,4,3
U00788,10,9,2290.54,重要价值用户,5,4,4
U00789,13,9,2744.85,重要价值用户,5,4,4
U00790,246,1,58.75,一般挽留用户,1,1,1
U00791,238,2,154.8,一般挽留用户,1,1,1
U00792,57,3,214.57999999999998,一般挽留用户,3,2,2
U00793,12,8,2711.26,重要价值用户,5,4,4
U00794,40,24,8891.77,重要价值用户,3,5,5
U00795,59,19,15185.21,重要保持用户,3,5,5
U00796,14,7,1362.41,重要价值用户,5,4,3
U00797,46,4,916.27,一般发展用户,3,3,3
U00798,220,2,432.21000000000004,一般挽留用户,1,1,2
U00799,150,8,1776.97,重要保持用户,1,4,4
U00800,8,7,2425.38,重要价值用户,5,4,4
U00801,129,3,242.0,一般挽留用户,2,2,2
U00802,89,3,215.74,一般挽留用户,2,2,2
U00803,55,6,1952.3600000000001,重要保持用户,3,3,4
U00804,155,2,269.34,一般挽留用户,1,1,2
U00805,136,3,448.89,一般挽留用户,1,2,2
U00806,23,12,12856.39,重要价值用户,4,5,5
U00807,1,13,5764.46,重要价值用户,5,5,5
U00808,5,5,1271.74,重要价值用户,5,3,3
U00809,1,26,13839.539999999999,重要价值用户,5,5,5
U00810,3,21,9253.04,重要价值用户,5,5,5
U00811,56,3,434.91,一般挽留用户,3,2,2
U00812,85,5,768.3,一般保持用户,2,3,3
U00813,23,6,1098.6100000000001,一般价值用户,4,3,3
U00814,20,28,22587.32,重要价值用户,4,5,5
U00815,190,2,370.27,一般挽留用户,1,1,2
U00816,41,25,9086.5,重要价值用户,3,5,5
U00817,317,1,51.12,一般挽留用户,1,1,1
U00818,69,4,1867.4299999999998,重要挽留用户,2,3,4
U00819,33,23,14626.07,重要价值用户,3,5,5
U00820,9,4,2534.71,重要发展用户,5,3,4
U00821,38,8,1769.84,重要价值用户,3,4,4
U00822,132,2,184.42000000000002,一般挽留用户,2,1,1
U00823,95,1,99.12,一般挽留用户,2,1,1
U00824,186,1,146.94,一般挽留用户,1,1,1
U00825,256,1,111.89,一般挽留用户,1,1,1
U00826,12,21,9334.28,重要价值用户,5,5,5
U00827,5,21,13920.85,重要价值用户,5,5,5
U00828,17,8,1296.43,重要价值用户,4,4,3
U00829,45,3,226.44,一般发展用户,3,2,2
U00830,307,1,71.13,一般挽留用户,1,1,1
U00831,58,8,2524.05,重要保持用户,3,4,4
U00832,51,8,3408.65,重要保持用户,3,4,4
U00833,32,9,3994.7599999999998,重要价值用户,4,4,4
U00834,346,1,193.43,一般挽留用户,1,1,2
U00835,30,17,5958.46,重要价值用户,4,5,5
U00836,29,19,15849.59,重要价值用户,4,5,5
U00837,9,14,3816.69,重要价值用户,5,5,4
U00838,24,27,14765.08,重要价值用户,4,5,5
U00839,94,5,784.8299999999999,一般保持用户,2,3,3
U00840,20,6,1439.95,重要价值用户,4,3,3
U00841,93,3,442.94,一般挽留用户,2,2,2
U00842,1,3,996.16,一般发展用户,5,2,3
U00843,344,1,67.1,一般挽留用户,1,1,1
U00844,88,9,2725.29,重要保持用户,2,4,4
U00845,106,3,88.97,一般挽留用户,2,2,1
U00846,14,4,1100.35,一般发展用户,5,3,3
U00847,26,17,9233.32,重要价值用户,4,5,5
U00848,10,21,16292.79,重要价值用户,5,5,5
U00849,12,7,1480.76,重要价值用户,5,4,3
U00850,37,1,221.4,一般发展用户,3,1,2
U00851,235,1,137.01,一般挽留用户,1,1,1
U00852,19,8,4047.45,重要价值用户,4,4,4
U00853,138,3,848.77,一般挽留用户,1,2,3
U00854,104,3,1461.04,重要挽留用户,2,2,3
U00855,11,6,2330.66,重要价值用户,5,3,4
U00856,7,5,861.53,一般价值用户,5,3,3
U00857,278,5,1377.04,重要保持用户,1,3,3
U00858,16,20,13480.17,重要价值用户,4,5,5
U00859,33,19,8105.49,重要价值用户,3,5,5
U00860,84,5,1885.65,重要保持用户,2,3,4
U00861,1,3,368.53,一般发展用户,5,2,2
U00862,11,4,578.75,一般发展用户,5,3,3
U00863,89,9,1987.35,重要保持用户,2,4,4
U00864,5,7,2717.91,重要价值用户,5,4,4
U00865,125,3,489.24,一般挽留用户,2,2,2
U00866,31,9,2002.6100000000001,重要价值用户,4,4,4
U00867,133,3,250.78,一般挽留用户,2,2,2
U00868,245,3,116.75999999999999,一般挽留用户,1,2,1
U00869,8,13,10158.04,重要价值用户,5,5,5
U00870,77,8,3190.12,重要保持用户,2,4,4
U00871,122,2,163.45,一般挽留用户,2,1,1
U00872,10,3,731.6899999999999,一般发展用户,5,2,3
U00873,3,3,174.42,一般发展用户,5,2,1
U00874,100,3,411.71000000000004,一般挽留用户,2,2,2
U00875,175,3,685.43,一般挽留用户,1,2,3
U00876,17,3,580.67,一般发展用户,4,2,3
U00877,31,20,19968.19,重要价值用户,4,5,5
U00878,34,3,1240.52,重要发展用户,3,2,3
U00879,5,28,10649.17,重要价值用户,5,5,5
U00880,12,8,1602.01,重要价值用户,5,4,3
U00881,362,1,89.18,一般挽留用户,1,1,1
U00882,63,6,1781.42,重要保持用户,3,3,4
U00883,18,5,1512.5,重要价值用户,4,3,3
U00884,97,2,149.26,一般挽留用户,2,1,1
U00885,29,9,2831.5,重要价值用户,4,4,4
U00886,98,1,127.87,一般挽留用户,2,1,1
U00887,2,14,6449.87,重要价值用户,5,5,5
U00888,42,10,4978.3099999999995,重要价值用户,3,5,5
U00889,19,6,1426.27,重要价值用户,4,3,3
U00890,33,3,193.73,一般发展用户,3,2,2
U00891,21,6,864.81,一般价值用户,4,3,3
U00892,110,2,110.89,一般挽留用户,2,1,1
U00893,19,3,538.64,一般发展用户,4,2,2
U00894,1,4,887.11,一般发展用户,5,3,3
U00895,82,7,2664.4700000000003,重要保持用户,2,4,4
U00896,71,3,191.11,一般挽留用户,2,2,2
U00897,2,7,3278.62,重要价值用户,5,4,4
U00898,29,3,310.5,一般发展用户,4,2,2
U00899,51,3,444.03,一般挽留用户,3,2,2
U00900,76,2,114.44,一般挽留用户,2,1,1
U00901,89,2,168.44,一般挽留用户,2,1,1
U00902,63,8,6169.9400000000005,重要保持用户,3,4,5
U00903,19,9,2964.77,重要价值用户,4,4,4
U00904,15,3,563.47,一般发展用户,4,2,3
U00905,139,1,83.92,一般挽留用户,1,1,1
U00906,30,22,20326.77,重要价值用户,4,5,5
U00907,5,10,6880.88,重要价值用户,5,5,5
U00908,348,1,119.7,一般挽留用户,1,1,1
U00909,1,7,1702.67,重要价值用户,5,4,3
U00910,187,3,588.9,一般挽留用户,1,2,3
U00911,79,5,596.27,一般保持用户,2,3,3
U00912,283,1,62.63,一般挽留用户,1,1,1
U00913,142,3,882.41,一般挽留用户,1,2,3
U00914,7,6,1020.42,一般价值用户,5,3,3
U00915,4,19,8219.6,重要价值用户,5,5,5
U00916,4,8,2686.36,重要价值用户,5,4,4
U00917,68,2,260.88,一般挽留用户,2,1,2
U00918,7,8,3325.04,重要价值用户,5,4,4
U00919,51,6,1484.95,重要保持用户,3,3,3
U00920,25,8,1749.8600000000001,重要价值用户,4,4,4
U00921,189,3,760.89,一般挽留用户,1,2,3
U00922,109,9,4115.2300000000005,重要保持用户,2,4,4
U00923,119,5,2024.71,重要保持用户,2,3,4
U00924,59,3,239.01999999999998,一般挽留用户,3,2,2
U00925,50,9,4290.79,重要保持用户,3,4,4
U00926,12,3,1033.06,一般发展用户,5,2,3
U00927,51,1,74.81,一般挽留用户,3,1,1
U00928,179,1,38.93,一般挽留用户,1,1,1
U00929,145,1,73.89,一般挽留用户,1,1,1
U00930,27,3,435.22999999999996,一般发展用户,4,2,2
U00931,66,5,2504.0699999999997,重要保持用户,3,3,4
U00932,74,2,185.51999999999998,一般挽留用户,2,1,1
U00933,126,1,116.55,一般挽留用户,2,1,1
U00934,134,5,1710.3899999999999,重要保持用户,2,3,4
U00935,14,8,1572.65,重要价值用户,5,4,3
U00936,14,29,20004.27,重要价值用户,5,5,5
U00937,47,6,3074.6800000000003,重要保持用户,3,3,4
U00938,23,13,10482.92,重要价值用户,4,5,5
U00939,6,3,713.76,一般发展用户,5,2,3
U00940,9,7,961.53,一般价值用户,5,4,3
U00941,1,7,1052.07,一般价值用户,5,4,3
U00942,35,3,340.21,一般发展用户,3,2,2
U00943,14,9,3703.13,重要价值用户,5,4,4
U00944,25,14,7406.07,重要价值用户,4,5,5
U00945,39,28,12935.14,重要价值用户,3,5,5
U00946,63,11,5607.64,重要保持用户,3,5,5
U00947,78,3,1292.1100000000001,重要挽留用户,2,2,3
U00948,21,3,393.77,一般发展用户,4,2,2
U00949,13,1,83.29,一般发展用户,5,1,1
U00950,252,1,211.85,一般挽留用户,1,1,2
U00951,111,5,2429.05,重要保持用户,2,3,4
U00952,2,13,4766.08,重要价值用户,5,5,5
U00953,17,9,1557.34,重要价值用户,4,4,3
U00954,25,15,6032.74,重要价值用户,4,5,5
U00955,52,9,1350.97,重要保持用户,3,4,3
U00956,14,5,1549.51,重要价值用户,5,3,3
U00957,165,3,269.82,一般挽留用户,1,2,2
U00958,72,7,3451.28,重要保持用户,2,4,4
U00959,29,9,3663.28,重要价值用户,4,4,4
U00960,244,3,122.63,一般挽留用户,1,2,1
U00961,18,4,852.09,一般发展用户,4,3,3
U00962,43,7,2798.62,重要价值用户,3,4,4
U00963,74,7,2223.0,重要保持用户,2,4,4
U00964,35,23,21244.77,重要价值用户,3,5,5
U00965,45,6,929.3900000000001,一般价值用户,3,3,3
U00966,11,29,15914.89,重要价值用户,5,5,5
U00967,128,2,402.85,一般挽留用户,2,1,2
U00968,249,2,355.76,一般挽留用户,1,1,2
U00969,115,2,382.08,一般挽留用户,2,1,2
U00970,39,5,1526.21,重要价值用户,3,3,3
U00971,52,1,84.21,一般挽留用户,3,1,1
U00972,10,17,7589.17,重要价值用户,5,5,5
U00973,3,27,8293.79,重要价值用户,5,5,5
U00974,12,22,9980.68,重要价值用户,5,5,5
U00975,126,3,661.54,一般挽留用户,2,2,3
U00976,165,2,93.02,一般挽留用户,1,1,1
U00977,14,9,4965.75,重要价值用户,5,4,5
U00978,76,3,253.62,一般挽留用户,2,2,2
U00979,130,3,396.03,一般挽留用户,2,2,2
U00980,1,3,472.87,一般发展用户,5,2,2
U00981,8,5,1661.49,重要价值用户,5,3,3
U00982,125,3,418.22,一般挽留用户,2,2,2
U00983,55,4,695.8399999999999,一般挽留用户,3,3,3
U00984,106,5,2311.38,重要保持用户,2,3,4
U00985,102,4,873.27,一般挽留用户,2,3,3
U00986,24,2,147.29,一般发展用户,4,1,1
U00987,297,1,129.16,一般挽留用户,1,1,1
U00988,69,3,183.18,一般挽留用户,2,2,1
U00989,141,1,21.42,一般挽留用户,1,1,1
U00990,176,1,104.82,一般挽留用户,1,1,1
U00991,17,19,13281.03,重要价值用户,4,5,5
U00992,16,3,497.90999999999997,一般发展用户,4,2,2
U00993,3,2,179.99,一般发展用户,5,1,1
U00994,303,1,36.7,一般挽留用户,1,1,1
U00995,7,10,3912.09,重要价值用户,5,5,4
U00996,40,3,589.56,一般发展用户,3,2,3
U00997,1,13,14364.33,重要价值用户,5,5,5
U00998,33,7,2177.34,重要价值用户,3,4,4
U00999,39,3,689.39,一般发展用户,3,2,3
U01000,16,24,16291.84,重要价值用户,4,5,5
U01001,45,9,4236.66,重要价值用户,3,4,4
U01002,250,3,543.0699999999999,一般挽留用户,1,2,3
U01003,6,8,1380.4099999999999,重要价值用户,5,4,3
U01004,58,2,192.55,一般挽留用户,3,1,2
U01005,20,17,10745.16,重要价值用户,4,5,5
U01006,222,2,266.03999999999996,一般挽留用户,1,2,2
U01007,47,8,1039.84,一般保持用户,3,4,3
U01008,9,12,7492.08,重要价值用户,5,5,5
U01009,39,8,2141.04,重要价值用户,3,4,4
U01010,12,9,8480.1,重要价值用户,5,4,5
U01011,18,5,1670.87,重要价值用户,4,3,3
U01012,240,7,3853.83,重要保持用户,1,4,4
U01013,284,1,146.69,一般挽留用户,1,1,1
U01014,25,9,2066.9900000000002,重要价值用户,4,4,4
U01015,54,3,548.7,一般挽留用户,3,2,3
U01016,160,3,590.39,一般挽留用户,1,2,3
U01017,77,2,151.93,一般挽留用户,2,2,1
U01018,94,2,182.69,一般挽留用户,2,2,1
U01019,208,3,387.69,一般挽留用户,1,2,2
U01020,61,9,2596.3,重要保持用户,3,4,4
U01021,50,2,227.68,一般挽留用户,3,2,2
U01022,117,1,203.33,一般挽留用户,2,1,2
U01023,26,3,1410.1599999999999,重要发展用户,4,2,3
U01024,84,2,398.66999999999996,一般挽留用户,2,2,2
U01025,15,3,349.36,一般发展用户,4,2,2
U01026,42,8,3667.13,重要价值用户,3,4,4
U01027,214,2,133.69,一般挽留用户,1,2,1
U01028,65,6,3205.33,重要保持用户,3,3,4
U01029,34,3,199.75,一般发展用户,3,2,2
U01030,43,3,267.82,一般发展用户,3,2,2
U01031,92,2,191.7,一般挽留用户,2,2,2
U01032,355,1,64.99,一般挽留用户,1,1,1
U01033,40,2,360.88,一般发展用户,3,2,2
U01034,28,26,7022.92,重要价值用户,4,5,5
U01035,26,3,391.09000000000003,一般发展用户,4,2,2
U01036,19,17,17374.33,重要价值用户,4,5,5
U01037,72,3,324.33,一般挽留用户,2,2,2
U01038,29,22,13745.69,重要价值用户,4,5,5
U01039,142,1,178.75,一般挽留用户,1,1,1
U01040,134,3,248.79000000000002,一般挽留用户,2,2,2
U01041,43,6,2262.16,重要价值用户,3,3,4
U01042,164,2,135.04000000000002,一般挽留用户,1,2,1
U01043,297,2,154.12,一般挽留用户,1,2,1
U01044,76,5,779.54,一般保持用户,2,3,3
U01045,14,1,99.25,一般发展用户,5,1,1
U01046,161,1,164.28,一般挽留用户,1,1,1
U01047,182,2,135.54,一般挽留用户,1,2,1
U01048,280,1,98.23,一般挽留用户,1,1,1
U01049,21,8,1146.85,重要价值用户,4,4,3
U01050,113,2,69.95,一般挽留用户,2,2,1
U01051,7,7,4165.15,重要价值用户,5,4,4
U01052,186,1,247.87,一般挽留用户,1,1,2
U01053,291,1,87.5,一般挽留用户,1,1,1
U01054,41,3,543.06,一般发展用户,3,2,2
U01055,22,6,1281.77,重要价值用户,4,3,3
U01056,38,3,279.51,一般发展用户,3,2,2
U01057,41,2,230.96,一般发展用户,3,2,2
U01058,353,2,243.61,一般挽留用户,1,2,2
U01059,153,1,112.7,一般挽留用户,1,1,1
U01060,103,9,932.37,一般保持用户,2,4,3
U01061,86,3,533.77,一般挽留用户,2,2,2
U01062,3,5,556.49,一般价值用户,5,3,3
U01063,69,7,2592.36,重要保持用户,2,4,4
U01064,272,1,216.78,一般挽留用户,1,1,2
U01065,85,2,383.44,一般挽留用户,2,2,2
U01066,20,3,628.7,一般发展用户,4,2,3
U01067,145,5,2389.56,重要保持用户,1,3,4
U01068,6,15,4907.56,重要价值用户,5,5,5
U01069,326,2,503.75,一般挽留用户,1,2,2
U01070,15,3,679.37,一般发展用户,4,2,3
U01071,21,7,1924.76,重要价值用户,4,4,4
U01072,48,8,4118.24,重要保持用户,3,4,4
U01073,38,28,21012.75,重要价值用户,3,5,5
U01074,13,24,13499.89,重要价值用户,5,5,5
U01075,25,13,3351.24,重要价值用户,4,5,4
U01076,20,15,6507.33,重要价值用户,4,5,5
U01077,94,12,10065.86,重要保持用户,2,5,5
U01078,167,3,368.89,一般挽留用户,1,2,2
U01079,12,9,3071.33,重要价值用户,5,4,4
U01080,307,1,98.87,一般挽留用户,1,1,1
U01081,11,6,1969.56,重要价值用户,5,3,4
U01082,65,3,936.45,一般挽留用户,3,2,3
U01083,43,5,2158.71,重要价值用户,3,3,4
U01084,46,3,532.25,一般发展用户,3,2,2
U01085,10,14,10223.949999999999,重要价值用户,5,5,5
U01086,285,2,212.66,一般挽留用户,1,2,2
U01087,50,3,552.62,一般挽留用户,3,2,3
U01088,1,12,10474.85,重要价值用户,5,5,5
U01089,21,2,467.4,一般发展用户,4,2,2
U01090,170,3,266.78,一般挽留用户,1,2,2
U01091,27,13,4273.6,重要价值用户,4,5,4
U01092,3,6,1974.0900000000001,重要价值用户,5,3,4
U01093,15,8,2768.69,重要价值用户,4,4,4
U01094,323,1,215.34,一般挽留用户,1,1,2
U01095,82,1,85.4,一般挽留用户,2,1,1
U01096,26,2,222.64999999999998,一般发展用户,4,2,2
U01097,12,10,7771.45,重要价值用户,5,5,5
U01098,15,8,2227.8199999999997,重要价值用户,4,4,4
U01099,240,1,167.01,一般挽留用户,1,1,1
U01100,9,27,16805.78,重要价值用户,5,5,5
U01101,72,3,750.98,一般挽留用户,2,2,3
U01102,70,3,441.76000000000005,一般挽留用户,2,2,2
U01103,27,5,1170.46,重要价值用户,4,3,3
U01104,16,3,211.33999999999997,一般发展用户,4,2,2
U01105,332,2,403.9,一般挽留用户,1,2,2
U01106,63,5,1837.44,重要保持用户,3,3,4
U01107,215,1,65.12,一般挽留用户,1,1,1
U01108,239,3,438.71,一般挽留用户,1,2,2
U01109,18,2,346.38,一般发展用户,4,2,2
U01110,269,1,24.58,一般挽留用户,1,1,1
U01111,6,28,24271.4,重要价值用户,5,5,5
U01112,185,1,59.29,一般挽留用户,1,1,1
U01113,7,8,4676.15,重要价值用户,5,4,5
U01114,12,1,66.98,一般发展用户,5,1,1
U01115,272,1,63.97,一般挽留用户,1,1,1
U01116,34,2,181.71,一般发展用户,3,2,1
U01117,17,21,9181.119999999999,重要价值用户,4,5,5
U01118,16,9,3728.0,重要价值用户,4,4,4
U01119,8,15,7954.04,重要价值用户,5,5,5
U01120,84,9,3621.24,重要保持用户,2,4,4
U01121,119,2,504.0,一般挽留用户,2,2,2
U01122,21,22,8749.05,重要价值用户,4,5,5
U01123,6,8,2073.05,重要价值用户,5,4,4
U01124,1,5,905.11,一般价值用户,5,3,3
U01125,72,1,95.31,一般挽留用户,2,1,1
U01126,38,5,1029.91,一般价值用户,3,3,3
U01127,29,12,4734.76,重要价值用户,4,5,5
U01128,66,5,1643.43,重要保持用户,3,3,3
U01129,45,7,831.56,一般价值用户,3,4,3
U01130,129,6,994.29,一般保持用户,2,3,3
U01131,49,4,1191.29,重要挽留用户,3,3,3
U01132,6,23,8774.52,重要价值用户,5,5,5
U01133,66,5,1645.86,重要保持用户,3,3,3
U01134,23,8,4304.55,重要价值用户,4,4,4
U01135,86,2,98.15,一般挽留用户,2,2,1
U01136,113,2,314.26,一般挽留用户,2,2,2
U01137,358,1,138.91,一般挽留用户,1,1,1
U01138,73,8,4990.16,重要保持用户,2,4,5
U01139,7,10,7388.1,重要价值用户,5,5,5
U01140,323,1,27.46,一般挽留用户,1,1,1
U01141,137,1,73.34,一般挽留用户,1,1,1
U01142,7,18,7829.12,重要价值用户,5,5,5
U01143,152,4,769.63,一般挽留用户,1,3,3
U01144,63,9,2999.0099999999998,重要保持用户,3,4,4
U01145,221,1,54.82,一般挽留用户,1,1,1
U01146,205,1,155.64,一般挽留用户,1,1,1
U01147,32,3,252.8,一般发展用户,4,2,2
U01148,104,4,1699.93,重要挽留用户,2,3,3
U01149,33,3,1025.35,一般发展用户,3,2,3
U01150,79,3,289.06,一般挽留用户,2,2,2
U01151,54,3,155.68,一般挽留用户,3,2,1
U01152,25,3,166.67000000000002,一般发展用户,4,2,1
U01153,1,14,11025.94,重要价值用户,5,5,5
U01154,75,9,4052.51,重要保持用户,2,4,4
U01155,64,10,6071.48,重要保持用户,3,5,5
U01156,298,1,125.18,一般挽留用户,1,1,1
U01157,51,9,2763.02,重要保持用户,3,4,4
U01158,123,9,3470.67,重要保持用户,2,4,4
U01159,14,6,1379.46,重要价值用户,5,4,3
U01160,107,6,2597.3199999999997,重要保持用户,2,4,4
U01161,5,6,1626.99,重要价值用户,5,4,3
U01162,11,8,3365.4500000000003,重要价值用户,5,4,4
U01163,203,2,181.11,一般挽留用户,1,2,1
U01164,8,14,6350.08,重要价值用户,5,5,5
U01165,26,9,2559.01,重要价值用户,4,4,4
U01166,207,3,304.91999999999996,一般挽留用户,1,2,2
U01167,23,8,2909.68,重要价值用户,4,4,4
U01168,15,9,3079.81,重要价值用户,4,4,4
U01169,34,4,1388.31,重要发展用户,3,3,3
U01170,108,8,3822.1000000000004,重要保持用户,2,4,4
U01171,87,1,110.49,一般挽留用户,2,1,1
U01172,23,1,65.2,一般发展用户,4,1,1
U01173,112,2,272.9,一般挽留用户,2,2,2
U01174,8,2,117.69999999999999,一般发展用户,5,2,1
U01175,221,3,527.51,一般挽留用户,1,2,2
U01176,18,9,3059.06,重要价值用户,4,4,4
U01177,67,6,1810.13,重要保持用户,2,4,4
U01178,57,2,183.08,一般挽留用户,3,2,1
U01179,24,9,2882.65,重要价值用户,4,4,4
U01180,269,1,147.0,一般挽留用户,1,1,1
U01181,48,12,13256.84,重要保持用户,3,5,5
U01182,32,3,250.07,一般发展用户,4,2,2
U01183,21,22,19466.73,重要价值用户,4,5,5
U01184,110,5,1092.99,一般保持用户,2,3,3
U01185,51,7,2620.59,重要保持用户,3,4,4
U01186,33,4,1587.73,重要发展用户,3,3,3
U01187,259,1,136.6,一般挽留用户,1,1,1
U01188,27,3,752.99,一般发展用户,4,2,3
U01189,123,3,428.3,一般挽留用户,2,2,2
U01190,85,3,148.37,一般挽留用户,2,2,1
U01191,46,15,8205.17,重要价值用户,3,5,5
U01192,29,7,3196.35,重要价值用户,4,4,4
U01193,1,6,1782.59,重要价值用户,5,4,4
U01194,136,7,1111.98,一般保持用户,1,4,3
U01195,61,3,179.39999999999998,一般挽留用户,3,2,1
U01196,13,16,10318.87,重要价值用户,5,5,5
U01197,5,20,6005.69,重要价值用户,5,5,5
U01198,19,15,7834.59,重要价值用户,4,5,5
U01199,12,6,2528.46,重要价值用户,5,4,4
U01200,282,2,241.18,一般挽留用户,1,2,2
U01201,44,5,2160.2,重要价值用户,3,3,4
U01202,83,2,216.56,一般挽留用户,2,2,2
U01203,26,6,1669.21,重要价值用户,4,4,3
U01204,42,9,4826.98,重要价值用户,3,4,5
U01205,94,4,1349.07,重要挽留用户,2,3,3
U01206,8,4,2048.79,重要发展用户,5,3,4
U01207,92,3,319.27,一般挽留用户,2,2,2
U01208,9,15,6550.38,重要价值用户,5,5,5
U01209,263,1,40.68,一般挽留用户,1,1,1
U01210,90,3,618.67,一般挽留用户,2,2,3
U01211,27,1,29.58,一般发展用户,4,1,1
U01212,84,3,1182.8,重要挽留用户,2,2,3
U01213,100,1,91.95,一般挽留用户,2,1,1
U01214,123,1,44.39,一般挽留用户,2,1,1
U01215,26,25,25695.06,重要价值用户,4,5,5
U01216,220,4,1308.27,重要挽留用户,1,3,3
U01217,35,3,174.35000000000002,一般发展用户,3,2,1
U01218,65,3,767.0799999999999,一般挽留用户,3,2,3
U01219,10,27,23078.28,重要价值用户,5,5,5
U01220,6,14,9914.52,重要价值用户,5,5,5
U01221,64,5,1149.58,重要保持用户,3,3,3
U01222,15,3,512.29,一般发展用户,4,2,2
U01223,44,4,1164.55,重要发展用户,3,3,3
U01224,304,1,44.26,一般挽留用户,1,1,1
U01225,123,2,402.65,一般挽留用户,2,2,2
U01226,28,3,847.6600000000001,一般发展用户,4,2,3
U01227,41,12,4376.01,重要价值用户,3,5,5
U01228,29,9,1334.52,重要价值用户,4,4,3
U01229,30,3,1142.56,重要发展用户,4,2,3
U01230,16,3,280.65,一般发展用户,4,2,2
U01231,81,2,134.05,一般挽留用户,2,2,1
U01232,55,8,2270.03,重要保持用户,3,4,4
U01233,17,4,1963.6100000000001,重要发展用户,4,3,4
U01234,13,27,19283.5,重要价值用户,5,5,5
U01235,9,13,10128.97,重要价值用户,5,5,5
U01236,26,6,1806.24,重要价值用户,4,4,4
U01237,4,28,23869.57,重要价值用户,5,5,5
U01238,24,8,3904.76,重要价值用户,4,4,4
U01239,170,2,182.06,一般挽留用户,1,2,1
U01240,18,27,24444.84,重要价值用户,4,5,5
U01241,8,21,17304.01,重要价值用户,5,5,5
U01242,4,12,9528.14,重要价值用户,5,5,5
U01243,26,2,133.6,一般发展用户,4,2,1
U01244,222,1,92.78,一般挽留用户,1,1,1
U01245,39,3,556.6600000000001,一般发展用户,3,2,3
U01246,170,1,70.61,一般挽留用户,1,1,1
U01247,60,2,260.89,一般挽留用户,3,2,2
U01248,73,5,1806.31,重要保持用户,2,3,4
U01249,5,26,14403.02,重要价值用户,5,5,5
U01250,16,20,19278.4,重要价值用户,4,5,5
U01251,187,2,160.54,一般挽留用户,1,2,1
U01252,69,3,1319.9,重要挽留用户,2,2,3
U01253,77,4,1201.04,重要挽留用户,2,3,3
U01254,9,8,2642.9100000000003,重要价值用户,5,4,4
U01255,6,7,2751.2599999999998,重要价值用户,5,4,4
U01256,24,12,5909.92,重要价值用户,4,5,5
U01257,67,3,368.44,一般挽留用户,2,2,2
U01258,21,7,1440.23,重要价值用户,4,4,3
U01259,65,1,116.69,一般挽留用户,3,1,1
U01260,131,2,394.98,一般挽留用户,2,2,2
U01261,20,24,18999.89,重要价值用户,4,5,5
U01262,39,2,138.51,一般发展用户,3,2,1
U01263,187,3,93.97,一般挽留用户,1,2,1
U01264,19,6,693.45,一般价值用户,4,4,3
U01265,12,6,941.24,一般价值用户,5,4,3
U01266,134,5,2098.22,重要保持用户,2,3,4
U01267,38,4,1835.95,重要发展用户,3,3,4
U01268,3,3,95.24000000000001,一般发展用户,5,2,1
U01269,6,9,2345.28,重要价值用户,5,4,4
U01270,20,3,746.62,一般发展用户,4,2,3
U01271,288,2,109.58,一般挽留用户,1,2,1
U01272,29,1,59.24,一般发展用户,4,1,1
U01273,42,3,671.97,一般发展用户,3,2,3
U01274,27,16,8635.61,重要价值用户,4,5,5
U01275,253,2,332.96999999999997,一般挽留用户,1,2,2
U01276,78,3,542.34,一般挽留用户,2,2,2
U01277,178,3,152.32999999999998,一般挽留用户,1,2,1
U01278,11,3,417.98,一般发展用户,5,2,2
U01279,25,8,3836.96,重要价值用户,4,4,4
U01280,15,4,557.4,一般发展用户,4,3,3
U01281,8,2,280.17,一般发展用户,5,2,2
U01282,7,9,3420.29,重要价值用户,5,4,4
U01283,1,25,17043.010000000002,重要价值用户,5,5,5
U01284,110,1,141.95,一般挽留用户,2,1,1
U01285,21,13,11997.76,重要价值用户,4,5,5
U01286,61,3,214.73,一般挽留用户,3,2,2
U01287,4,8,7454.47,重要价值用户,5,4,5
U01288,41,8,1347.18,重要价值用户,3,4,3
U01289,330,2,198.09,一般挽留用户,1,2,2
U01290,54,7,2148.45,重要保持用户,3,4,4
U01291,26,25,9006.7,重要价值用户,4,5,5
U01292,15,2,360.12,一般发展用户,4,2,2
U01293,59,6,3152.2200000000003,重要保持用户,3,4,4
U01294,52,25,18488.35,重要保持用户,3,5,5
U01295,74,10,5779.47,重要保持用户,2,5,5
U01296,79,2,180.53,一般挽留用户,2,2,1
U01297,2,28,14260.08,重要价值用户,5,5,5
U01298,23,3,356.96,一般发展用户,4,2,2
U01299,288,1,135.68,一般挽留用户,1,1,1
U01300,170,1,150.94,一般挽留用户,1,1,1
U01301,95,6,684.77,一般保持用户,2,4,3
U01302,264,1,126.36,一般挽留用户,1,1,1
U01303,3,24,22209.39,重要价值用户,5,5,5
U01304,46,24,22482.84,重要价值用户,3,5,5
U01305,185,3,229.36,一般挽留用户,1,2,2
U01306,66,1,97.88,一般挽留用户,3,1,1
U01307,86,1,46.14,一般挽留用户,2,1,1
U01308,186,2,323.95,一般挽留用户,1,2,2
U01309,67,7,2625.08,重要保持用户,2,4,4
U01310,90,3,284.17,一般挽留用户,2,2,2
U01311,4,19,5253.66,重要价值用户,5,5,5
U01312,159,3,1555.42,重要挽留用户,1,2,3
U01313,353,1,35.55,一般挽留用户,1,1,1
U01314,252,1,150.12,一般挽留用户,1,1,1
U01315,40,3,1694.85,重要发展用户,3,2,3
U01316,60,1,109.33,一般挽留用户,3,1,1
U01317,90,3,182.54,一般挽留用户,2,2,1
U01318,48,2,131.26,一般挽留用户,3,2,1
U01319,199,6,2906.3399999999997,重要保持用户,1,4,4
U01320,50,6,1497.73,重要保持用户,3,4,3
U01321,247,3,340.88,一般挽留用户,1,2,2
U01322,3,2,163.43,一般发展用户,5,2,1
U01323,107,3,272.96000000000004,一般挽留用户,2,2,2
U01324,16,21,17177.15,重要价值用户,4,5,5
U01325,74,2,291.02,一般挽留用户,2,2,2
U01326,15,3,449.06,一般发展用户,4,2,2
U01327,52,3,504.06,一般挽留用户,3,2,2
U01328,9,5,798.51,一般价值用户,5,3,3
U01329,66,2,479.28999999999996,一般挽留用户,3,2,2
U01330,7,16,5882.6,重要价值用户,5,5,5
U01331,82,3,334.92,一般挽留用户,2,2,2
U01332,98,9,2397.3900000000003,重要保持用户,2,4,4
U01333,161,8,4719.62,重要保持用户,1,4,5
U01334,94,3,583.06,一般挽留用户,2,2,3
U01335,61,13,10366.92,重要保持用户,3,5,5
U01336,188,2,172.3,一般挽留用户,1,2,1
U01337,9,14,12419.17,重要价值用户,5,5,5
U01338,1,12,11575.22,重要价值用户,5,5,5
U01339,26,3,381.36,一般发展用户,4,2,2
U01340,53,5,730.8199999999999,一般保持用户,3,3,3
U01341,38,8,1521.87,重要价值用户,3,4,3
U01342,130,9,962.02,一般保持用户,2,4,3
U01343,275,1,88.25,一般挽留用户,1,1,1
U01344,25,5,1094.6799999999998,一般价值用户,4,3,3
U01345,23,2,340.08,一般发展用户,4,2,2
U01346,24,3,407.57,一般发展用户,4,2,2
U01347,11,18,14262.7,重要价值用户,5,5,5
U01348,57,2,244.71,一般挽留用户,3,2,2
U01349,25,7,2978.75,重要价值用户,4,4,4
U01350,15,4,582.46,一般发展用户,4,3,3
U01351,173,1,96.21,一般挽留用户,1,1,1
U01352,9,13,4895.38,重要价值用户,5,5,5
U01353,133,3,593.88,一般挽留用户,2,2,3
U01354,295,1,77.69,一般挽留用户,1,1,1
U01355,82,3,438.71000000000004,一般挽留用户,2,2,2
U01356,209,3,326.11,一般挽留用户,1,2,2
U01357,101,1,85.97,一般挽留用户,2,1,1
U01358,36,2,229.04,一般发展用户,3,2,2
U01359,199,2,244.16000000000003,一般挽留用户,1,2,2
U01360,5,19,18214.71,重要价值用户,5,5,5
U01361,11,7,3553.73,重要价值用户,5,4,4
U01362,31,4,2054.1,重要发展用户,4,3,4
U01363,35,4,1253.4299999999998,重要发展用户,3,3,3
U01364,3,16,5377.64,重要价值用户,5,5,5
U01365,141,1,34.0,一般挽留用户,1,1,1
U01366,282,1,92.93,一般挽留用户,1,1,1
U01367,9,3,157.86,一般发展用户,5,2,1
U01368,27,8,1759.62,重要价值用户,4,4,4
U01369,302,2,153.02,一般挽留用户,1,2,1
U01370,199,3,632.78,一般挽留用户,1,2,3
U01371,3,8,3363.7,重要价值用户,5,4,4
U01372,23,1,77.93,一般发展用户,4,1,1
U01373,99,8,1105.81,一般保持用户,2,4,3
U01374,2,19,20438.13,重要价值用户,5,5,5
U01375,206,1,191.0,一般挽留用户,1,1,2
U01376,30,20,16629.82,重要价值用户,4,5,5
U01377,7,18,15245.29,重要价值用户,5,5,5
U01378,11,8,955.5,一般价值用户,5,4,3
U01379,11,25,22104.51,重要价值用户,5,5,5
U01380,109,1,213.2,一般挽留用户,2,1,2
U01381,57,3,486.6,一般挽留用户,3,2,2
U01382,72,1,100.12,一般挽留用户,2,1,1
U01383,31,5,669.6800000000001,一般价值用户,4,3,3
U01384,50,9,3652.7799999999997,重要保持用户,3,4,4
U01385,167,1,56.17,一般挽留用户,1,1,1
U01386,51,7,1398.94,重要保持用户,3,4,3
U01387,11,9,4376.07,重要价值用户,5,4,5
U01388,25,3,127.85,一般发展用户,4,2,1
U01389,72,2,163.8,一般挽留用户,2,2,1
U01390,97,2,259.40999999999997,一般挽留用户,2,2,2
U01391,3,3,488.94000000000005,一般发展用户,5,2,2
U01392,106,5,1448.57,重要保持用户,2,3,3
U01393,47,9,1417.77,重要保持用户,3,4,3
U01394,101,3,339.78,一般挽留用户,2,2,2
U01395,155,7,2906.46,重要保持用户,1,4,4
U01396,47,3,383.53,一般挽留用户,3,2,2
U01397,30,8,1060.22,一般价值用户,4,4,3
U01398,44,25,8478.73,重要价值用户,3,5,5
U01399,1,4,2231.34,重要发展用户,5,3,4
U01400,38,5,989.1199999999999,一般价值用户,3,3,3
U01401,142,6,1533.49,重要保持用户,1,4,3
U01402,35,15,12919.779999999999,重要价值用户,3,5,5
U01403,2,6,2670.01,重要价值用户,5,4,4
U01404,4,8,6648.139999999999,重要价值用户,5,4,5
U01405,8,1,90.03,一般发展用户,5,1,1
U01406,48,7,1439.39,重要保持用户,3,4,3
U01407,13,7,2503.53,重要价值用户,5,4,4
U01408,16,3,241.55,一般发展用户,4,2,2
U01409,54,6,1729.55,重要保持用户,3,4,4
U01410,107,2,297.25,一般挽留用户,2,2,2
U01411,2,11,8610.119999999999,重要价值用户,5,5,5
U01412,113,9,8401.89,重要保持用户,2,4,5
U01413,50,23,22847.52,重要保持用户,3,5,5
U01414,86,3,1114.94,一般挽留用户,2,2,3
U01415,3,6,2783.5099999999998,重要价值用户,5,4,4
U01416,51,2,343.90999999999997,一般挽留用户,3,2,2
U01417,33,5,1557.21,重要价值用户,3,3,3
U01418,273,1,276.83,一般挽留用户,1,1,2
U01419,23,2,225.37,一般发展用户,4,2,2
U01420,8,5,529.98,一般价值用户,5,3,2
U01421,177,1,37.13,一般挽留用户,1,1,1
U01422,2,6,937.59,一般价值用户,5,4,3
U01423,187,2,376.8,一般挽留用户,1,2,2
U01424,61,3,393.15,一般挽留用户,3,2,2
U01425,102,4,2060.05,重要挽留用户,2,3,4
U01426,264,1,66.46,一般挽留用户,1,1,1
U01427,15,7,2974.56,重要价值用户,4,4,4
U01428,62,8,3456.5699999999997,重要保持用户,3,4,4
U01429,10,6,2765.1499999999996,重要价值用户,5,4,4
U01430,115,8,1907.4099999999999,重要保持用户,2,4,4
U01431,14,3,1099.7,一般发展用户,5,3,3
U01432,17,3,526.74,一般发展用户,4,3,2
U01433,22,3,165.78,一般发展用户,4,3,1
U01434,336,1,137.23,一般挽留用户,1,1,1
U01435,3,9,1810.38,重要价值用户,5,4,4
U01436,18,6,2284.42,重要价值用户,4,4,4
U01437,28,9,4559.9,重要价值用户,4,4,5
U01438,14,22,20476.52,重要价值用户,5,5,5
U01439,125,1,224.36,一般挽留用户,2,1,2
U01440,93,5,1173.88,重要保持用户,2,3,3
U01441,11,25,12647.05,重要价值用户,5,5,5
U01442,335,2,167.38,一般挽留用户,1,2,1
U01443,94,6,1472.24,重要保持用户,2,4,3
U01444,15,5,1330.2800000000002,重要价值用户,4,3,3
U01445,41,6,1657.29,重要价值用户,3,4,3
U01446,15,5,1618.61,重要价值用户,4,3,3
U01447,14,20,12491.9,重要价值用户,5,5,5
U01448,106,5,1948.5099999999998,重要保持用户,2,3,4
U01449,132,3,284.55,一般挽留用户,2,3,2
U01450,21,5,1776.69,重要价值用户,4,3,4
U01451,178,5,1118.67,一般保持用户,1,3,3
U01452,101,5,677.47,一般保持用户,2,3,3
U01453,25,8,2407.3,重要价值用户,4,4,4
U01454,200,1,78.31,一般挽留用户,1,1,1
U01455,1,23,24815.16,重要价值用户,5,5,5
U01456,34,8,4384.67,重要价值用户,3,4,5
U01457,16,9,6901.41,重要价值用户,4,4,5
U01458,40,10,3692.28,重要价值用户,3,5,4
U01459,281,2,388.31,一般挽留用户,1,2,2
U01460,16,22,15025.26,重要价值用户,4,5,5
U01461,289,1,51.11,一般挽留用户,1,1,1
U01462,39,7,1402.1699999999998,重要价值用户,3,4,3
U01463,40,1,109.97,一般发展用户,3,1,1
U01464,52,23,18842.28,重要保持用户,3,5,5
U01465,45,3,881.24,一般发展用户,3,3,3
U01466,339,1,60.6,一般挽留用户,1,1,1
U01467,117,5,1546.3799999999999,重要保持用户,2,3,3
U01468,15,3,229.19,一般发展用户,4,3,2
U01469,78,2,191.66,一般挽留用户,2,2,2
U01470,21,8,6365.56,重要价值用户,4,4,5
U01471,59,17,6431.39,重要保持用户,3,5,5
U01472,34,2,360.19,一般发展用户,3,2,2
U01473,78,3,617.3,一般挽留用户,2,3,3
U01474,49,8,8594.51,重要保持用户,3,4,5
U01475,2,21,10991.8,重要价值用户,5,5,5
U01476,148,2,159.63,一般挽留用户,1,2,1
U01477,11,11,4606.67,重要价值用户,5,5,5
U01478,91,3,589.11,一般挽留用户,2,3,3
U01479,23,1,229.52,一般发展用户,4,1,2
U01480,25,3,490.96000000000004,一般发展用户,4,3,2
U01481,81,3,1283.37,重要挽留用户,2,3,3
U01482,52,3,1257.3600000000001,重要挽留用户,3,3,3
U01483,51,3,378.13,一般挽留用户,3,3,2
U01484,214,3,483.34000000000003,一般挽留用户,1,3,2
U01485,79,5,1536.48,重要保持用户,2,3,3
U01486,5,25,7900.53,重要价值用户,5,5,5
U01487,21,8,3867.1,重要价值用户,4,4,4
U01488,165,2,422.03,一般挽留用户,1,2,2
U01489,61,2,85.03999999999999,一般挽留用户,3,2,1
U01490,55,7,1495.1100000000001,重要保持用户,3,4,3
U01491,82,3,1328.75,重要挽留用户,2,3,3
U01492,16,2,121.35,一般发展用户,4,2,1
U01493,21,11,6615.070000000001,重要价值用户,4,5,5
U01494,31,4,1248.69,重要发展用户,4,3,3
U01495,2,9,1951.85,重要价值用户,5,4,4
U01496,91,3,134.43,一般挽留用户,2,3,1
U01497,6,6,2562.96,重要价值用户,5,4,4
U01498,103,9,2931.94,重要保持用户,2,5,4
U01499,9,10,7095.72,重要价值用户,5,5,5
U01500,62,2,428.19,一般挽留用户,3,2,2
U01501,4,23,10054.3,重要价值用户,5,5,5
U01502,14,16,6149.48,重要价值用户,5,5,5
U01503,31,4,1928.42,重要发展用户,4,3,4
U01504,10,13,7974.21,重要价值用户,5,5,5
U01505,16,6,2021.27,重要价值用户,4,4,4
U01506,67,8,3794.34,重要保持用户,2,4,4
U01507,1,2,219.77999999999997,一般发展用户,5,2,2
U01508,255,2,433.34000000000003,一般挽留用户,1,2,2
U01509,133,1,204.23,一般挽留用户,2,1,2
U01510,84,17,10058.21,重要保持用户,2,5,5
U01511,14,1,111.39,一般发展用户,5,1,1
U01512,22,22,9967.51,重要价值用户,4,5,5
U01513,2,3,238.24,一般发展用户,5,3,2
U01514,22,7,940.4599999999999,一般价值用户,4,4,3
U01515,21,13,10571.06,重要价值用户,4,5,5
U01516,73,9,1806.1200000000001,重要保持用户,2,5,4
U01517,241,1,69.42,一般挽留用户,1,1,1
U01518,32,17,5948.0,重要价值用户,4,5,5
U01519,143,2,160.93,一般挽留用户,1,2,1
U01520,12,11,5591.52,重要价值用户,5,5,5
U01521,172,2,339.20000000000005,一般挽留用户,1,2,2
U01522,96,2,106.89,一般挽留用户,2,2,1
U01523,71,1,23.58,一般挽留用户,2,1,1
U01524,12,15,7718.67,重要价值用户,5,5,5
U01525,138,5,1413.17,重要保持用户,1,3,3
U01526,83,8,4095.2799999999997,重要保持用户,2,4,4
U01527,81,3,279.34000000000003,一般挽留用户,2,3,2
U01528,7,3,876.75,一般发展用户,5,3,3
U01529,113,4,1407.24,重要挽留用户,2,3,3
U01530,31,6,1025.55,一般价值用户,4,4,3
U01531,17,18,10608.6,重要价值用户,4,5,5
U01532,23,3,345.78,一般发展用户,4,3,2
U01533,69,2,184.51,一般挽留用户,2,2,1
U01534,23,9,3371.82,重要价值用户,4,5,4
U01535,3,23,13078.85,重要价值用户,5,5,5
U01536,66,3,225.32999999999998,一般挽留用户,3,3,2
U01537,205,3,943.8299999999999,一般挽留用户,1,3,3
U01538,62,3,444.52,一般挽留用户,3,3,2
U01539,270,1,132.14,一般挽留用户,1,1,1
U01540,49,3,1006.11,一般挽留用户,3,3,3
U01541,38,1,49.54,一般发展用户,3,1,1
U01542,97,3,263.03,一般挽留用户,2,3,2
U01543,17,10,6188.84,重要价值用户,4,5,5
U01544,137,7,1175.82,重要保持用户,1,4,3
U01545,43,5,1493.6999999999998,重要价值用户,3,3,3
U01546,9,8,1412.19,重要价值用户,5,4,3
U01547,10,6,2079.7,重要价值用户,5,4,4
U01548,4,5,1938.22,重要价值用户,5,3,4
U01549,30,2,480.72,一般发展用户,4,2,2
U01550,76,3,771.29,一般挽留用户,2,3,3
U01551,18,5,2017.7,重要价值用户,4,3,4
U01552,297,1,35.6,一般挽留用户,1,1,1
U01553,40,4,519.1,一般发展用户,3,3,2
U01554,11,25,12936.46,重要价值用户,5,5,5
U01555,50,5,800.99,一般保持用户,3,3,3
U01556,47,2,69.66,一般挽留用户,3,2,1
U01557,7,6,2676.08,重要价值用户,5,4,4
U01558,46,3,248.22,一般发展用户,3,3,2
U01559,35,5,1504.09,重要价值用户,3,3,3
U01560,214,5,1822.48,重要保持用户,1,3,4
U01561,18,7,3671.61,重要价值用户,4,4,4
U01562,210,1,145.23,一般挽留用户,1,1,1
U01563,23,4,1134.53,重要发展用户,4,3,3
U01564,3,21,8437.31,重要价值用户,5,5,5
U01565,13,18,8113.34,重要价值用户,5,5,5
U01566,143,2,64.8,一般挽留用户,1,2,1
U01567,36,2,175.48,一般发展用户,3,2,1
U01568,30,6,2882.06,重要价值用户,4,4,4
U01569,35,8,2837.87,重要价值用户,3,4,4
U01570,6,3,630.7,一般发展用户,5,3,3
U01571,16,3,461.75,一般发展用户,4,3,2
U01572,36,10,5507.43,重要价值用户,3,5,5
U01573,122,3,245.29,一般挽留用户,2,3,2
U01574,4,26,13810.039999999999,重要价值用户,5,5,5
U01575,5,12,12658.619999999999,重要价值用户,5,5,5
U01576,2,1,90.01,一般发展用户,5,1,1
U01577,74,5,2499.9300000000003,重要保持用户,2,3,4
U01578,29,6,1062.22,一般价值用户,4,4,3
U01579,209,1,118.2,一般挽留用户,1,1,1
U01580,20,17,15471.369999999999,重要价值用户,4,5,5
U01581,134,6,2262.82,重要保持用户,2,4,4
U01582,159,1,68.49,一般挽留用户,1,1,1
U01583,150,5,514.02,一般保持用户,1,3,2
U01584,267,3,512.5,一般挽留用户,1,3,2
U01585,25,8,3478.54,重要价值用户,4,4,4
U01586,157,3,485.46,一般挽留用户,1,3,2
U01587,20,9,2418.8900000000003,重要价值用户,4,5,4
U01588,10,6,927.27,一般价值用户,5,4,3
U01589,11,8,3099.5,重要价值用户,5,4,4
U01590,31,3,373.6,一般发展用户,4,3,2
U01591,58,8,2981.98,重要保持用户,3,4,4
U01592,10,4,848.56,一般发展用户,5,3,3
U01593,31,3,925.52,一般发展用户,4,3,3
U01594,348,1,161.2,一般挽留用户,1,1,1
U01595,205,2,180.45,一般挽留用户,1,2,1
U01596,13,7,2368.46,重要价值用户,5,4,4
U01597,64,6,2801.63,重要保持用户,3,4,4
U01598,6,7,2332.55,重要价值用户,5,4,4
U01599,192,3,293.86,一般挽留用户,1,3,2
U01600,73,12,9059.11,重要保持用户,2,5,5
U01601,131,3,550.65,一般挽留用户,2,3,3
U01602,137,3,461.55,一般挽留用户,1,3,2
U01603,15,4,902.03,一般发展用户,4,3,3
U01604,47,6,694.03,一般保持用户,3,4,3
U01605,52,8,2643.5,重要保持用户,3,4,4
U01606,330,1,54.62,一般挽留用户,1,1,1
U01607,180,1,120.5,一般挽留用户,1,1,1
U01608,2,2,320.5,一般发展用户,5,2,2
U01609,52,8,2834.75,重要保持用户,3,4,4
U01610,31,15,7693.780000000001,重要价值用户,4,5,5
U01611,159,2,468.47999999999996,一般挽留用户,1,2,2
U01612,166,2,181.11,一般挽留用户,1,2,1
U01613,211,2,262.57,一般挽留用户,1,2,2
U01614,18,7,2001.08,重要价值用户,4,4,4
U01615,80,1,64.42,一般挽留用户,2,1,1
U01616,229,2,148.23000000000002,一般挽留用户,1,2,1
U01617,33,9,1176.28,重要价值用户,3,5,3
U01618,185,6,1154.66,重要保持用户,1,4,3
U01619,4,7,1501.0900000000001,重要价值用户,5,4,3
U01620,19,26,25797.45,重要价值用户,4,5,5
U01621,53,5,1603.5,重要保持用户,3,3,3
U01622,1,9,2956.83,重要价值用户,5,5,4
U01623,45,3,842.24,一般发展用户,3,3,3
U01624,345,1,52.41,一般挽留用户,1,1,1
U01625,265,1,272.89,一般挽留用户,1,1,2
U01626,81,2,428.77,一般挽留用户,2,2,2
U01627,9,2,97.68,一般发展用户,5,2,1
U01628,25,26,26890.31,重要价值用户,4,5,5
U01629,9,9,3222.08,重要价值用户,5,5,4
U01630,13,3,451.78,一般发展用户,5,3,2
U01631,283,1,112.71,一般挽留用户,1,1,1
U01632,276,2,184.91,一般挽留用户,1,2,1
U01633,3,22,17691.89,重要价值用户,5,5,5
U01634,138,5,1404.6,重要保持用户,1,3,3
U01635,163,3,180.92,一般挽留用户,1,3,1
U01636,136,7,2019.76,重要保持用户,1,4,4
U01637,2,4,2106.96,重要发展用户,5,3,4
U01638,194,2,241.93,一般挽留用户,1,2,2
U01639,31,2,267.28000000000003,一般发展用户,4,2,2
U01640,10,6,2882.77,重要价值用户,5,4,4
U01641,88,9,6162.76,重要保持用户,2,5,5
U01642,83,2,264.58,一般挽留用户,2,2,2
U01643,23,7,1721.12,重要价值用户,4,4,4
U01644,87,3,285.69,一般挽留用户,2,3,2
U01645,63,3,374.8,一般挽留用户,3,3,2
U01646,124,1,81.97,一般挽留用户,2,1,1
U01647,61,7,3618.76,重要保持用户,3,4,4
U01648,39,1,108.82,一般发展用户,3,1,1
U01649,323,1,94.81,一般挽留用户,1,1,1
U01650,76,1,87.53,一般挽留用户,2,1,1
U01651,35,3,163.06,一般发展用户,3,3,1
U01652,145,1,168.04,一般挽留用户,1,1,1
U01653,279,1,47.24,一般挽留用户,1,1,1
U01654,37,6,1940.68,重要价值用户,3,4,4
U01655,152,7,1454.83,重要保持用户,1,4,3
U01656,7,6,708.13,一般价值用户,5,4,3
U01657,17,5,2861.64,重要价值用户,4,3,4
U01658,136,2,59.480000000000004,一般挽留用户,1,2,1
U01659,27,7,1211.38,重要价值用户,4,4,3
U01660,42,13,9814.91,重要价值用户,3,5,5
U01661,5,23,18621.19,重要价值用户,5,5,5
U01662,64,3,112.28,一般挽留用户,3,3,1
U01663,50,7,3628.52,重要保持用户,3,4,4
U01664,5,7,770.75,一般价值用户,5,4,3
U01665,90,2,149.11,一般挽留用户,2,2,1
U01666,75,2,115.44,一般挽留用户,2,2,1
U01667,23,7,1882.92,重要价值用户,4,4,4
U01668,6,7,2438.1,重要价值用户,5,4,4
U01669,22,8,4030.27,重要价值用户,4,4,4
U01670,254,3,634.6899999999999,一般挽留用户,1,3,3
U01671,67,3,446.73,一般挽留用户,2,3,2
U01672,53,2,367.08000000000004,一般挽留用户,3,2,2
U01673,5,3,976.63,一般发展用户,5,3,3
U01674,14,3,773.3100000000001,一般发展用户,5,3,3
U01675,81,2,221.29,一般挽留用户,2,2,2
U01676,176,3,412.52,一般挽留用户,1,3,2
U01677,14,27,9271.7,重要价值用户,5,5,5
U01678,80,8,1655.23,重要保持用户,2,4,3
U01679,15,5,1677.39,重要价值用户,4,3,3
U01680,212,1,69.56,一般挽留用户,1,1,1
U01681,23,8,1608.3,重要价值用户,4,4,3
U01682,212,1,30.64,一般挽留用户,1,1,1
U01683,99,3,209.94,一般挽留用户,2,3,2
U01684,20,4,892.54,一般发展用户,4,3,3
U01685,3,7,2431.85,重要价值用户,5,4,4
U01686,46,3,485.1,一般发展用户,3,3,2
U01687,30,3,314.42,一般发展用户,4,3,2
U01688,8,24,12854.5,重要价值用户,5,5,5
U01689,49,8,1836.55,重要保持用户,3,4,4
U01690,323,1,49.36,一般挽留用户,1,1,1
U01691,256,4,1687.06,重要挽留用户,1,3,3
U01692,62,3,228.88,一般挽留用户,3,3,2
U01693,2,20,20432.07,重要价值用户,5,5,5
U01694,100,1,86.7,一般挽留用户,2,1,1
U01695,42,28,21211.04,重要价值用户,3,5,5
U01696,7,18,14466.47,重要价值用户,5,5,5
U01697,158,7,2872.56,重要保持用户,1,4,4
U01698,71,7,934.29,一般保持用户,2,4,3
U01699,25,18,16244.3,重要价值用户,4,5,5
U01700,8,12,12083.05,重要价值用户,5,5,5
U01701,19,9,1361.62,重要价值用户,4,5,3
U01702,46,21,18963.83,重要价值用户,3,5,5
U01703,30,25,18743.100000000002,重要价值用户,4,5,5
U01704,12,20,19043.28,重要价值用户,5,5,5
U01705,100,5,2408.8,重要保持用户,2,3,4
U01706,46,5,934.87,一般价值用户,3,3,3
U01707,27,10,5942.36,重要价值用户,4,5,5
U01708,27,9,2659.06,重要价值用户,4,5,4
U01709,34,9,2120.59,重要价值用户,3,5,4
U01710,14,2,316.37,一般发展用户,5,2,2
U01711,20,14,11251.9,重要价值用户,4,5,5
U01712,118,5,2636.7400000000002,重要保持用户,2,3,4
U01713,15,9,3376.7799999999997,重要价值用户,4,5,4
U01714,81,1,70.59,一般挽留用户,2,1,1
U01715,310,1,96.67,一般挽留用户,1,1,1
U01716,8,1,99.93,一般发展用户,5,1,1
U01717,9,7,4306.49,重要价值用户,5,4,5
U01718,65,8,3691.3100000000004,重要保持用户,3,4,4
U01719,134,8,1625.24,重要保持用户,2,4,3
U01720,184,1,80.12,一般挽留用户,1,1,1
U01721,32,2,149.67000000000002,一般发展用户,4,2,1
U01722,38,5,814.61,一般价值用户,3,3,3
U01723,7,2,385.91999999999996,一般发展用户,5,2,2
U01724,208,2,105.53999999999999,一般挽留用户,1,2,1
U01725,56,3,1480.96,重要挽留用户,3,3,3
U01726,80,3,223.39000000000001,一般挽留用户,2,3,2
U01727,24,2,517.53,一般发展用户,4,2,2
U01728,247,2,345.04,一般挽留用户,1,2,2
U01729,148,2,378.64,一般挽留用户,1,2,2
U01730,130,1,107.87,一般挽留用户,2,1,1
U01731,60,5,1095.35,一般保持用户,3,3,3
U01732,22,8,4172.56,重要价值用户,4,4,4
U01733,16,4,948.6800000000001,一般发展用户,4,3,3
U01734,32,9,929.89,一般价值用户,4,5,3
U01735,67,8,2094.19,重要保持用户,2,4,4
U01736,228,1,280.81,一般挽留用户,1,1,2
U01737,8,2,467.94,一般发展用户,5,2,2
U01738,38,15,13547.28,重要价值用户,3,5,5
U01739,23,2,178.12,一般发展用户,4,2,1
U01740,7,20,8581.65,重要价值用户,5,5,5
U01741,4,26,25891.68,重要价值用户,5,5,5
U01742,13,17,12764.28,重要价值用户,5,5,5
U01743,64,1,204.04,一般挽留用户,3,1,2
U01744,9,9,3870.79,重要价值用户,5,5,4
U01745,44,9,2040.08,重要价值用户,3,5,4
U01746,24,1,131.33,一般发展用户,4,1,1
U01747,37,2,180.54,一般发展用户,3,2,1
U01748,51,4,1492.12,重要挽留用户,3,3,3
U01749,87,2,103.93,一般挽留用户,2,2,1
U01750,3,3,516.49,一般发展用户,5,3,2
U01751,33,14,7630.39,重要价值用户,3,5,5
U01752,308,2,188.26,一般挽留用户,1,2,2
U01753,144,2,303.19,一般挽留用户,1,2,2
U01754,117,6,1397.74,重要保持用户,2,4,3
U01755,56,7,2656.46,重要保持用户,3,4,4
U01756,52,5,1125.59,一般保持用户,3,3,3
U01757,62,2,390.76,一般挽留用户,3,2,2
U01758,42,5,1405.94,重要价值用户,3,3,3
U01759,316,1,128.54,一般挽留用户,1,1,1
U01760,199,2,95.2,一般挽留用户,1,2,1
U01761,10,8,2845.03,重要价值用户,5,4,4
U01762,34,4,456.45,一般发展用户,3,3,2
U01763,40,8,6171.469999999999,重要价值用户,3,4,5
U01764,144,1,93.32,一般挽留用户,1,1,1
U01765,34,7,1986.93,重要价值用户,3,4,4
U01766,10,12,7782.73,重要价值用户,5,5,5
U01767,23,3,125.28999999999999,一般发展用户,4,3,1
U01768,94,4,702.94,一般挽留用户,2,3,3
U01769,238,4,1152.4,重要挽留用户,1,3,3
U01770,87,1,66.4,一般挽留用户,2,1,1
U01771,62,3,353.71999999999997,一般挽留用户,3,3,2
U01772,47,3,138.39,一般挽留用户,3,3,1
U01773,67,5,1615.62,重要保持用户,2,3,3
U01774,105,3,178.28,一般挽留用户,2,3,1
U01775,48,3,379.05,一般挽留用户,3,3,2
U01776,30,26,14944.36,重要价值用户,4,5,5
U01777,49,4,658.14,一般挽留用户,3,3,3
U01778,119,2,221.22,一般挽留用户,2,2,2
U01779,40,5,2311.05,重要价值用户,3,3,4
U01780,90,5,1983.88,重要保持用户,2,3,4
U01781,31,3,109.27,一般发展用户,4,3,1
U01782,27,9,2524.51,重要价值用户,4,5,4
U01783,33,7,1458.18,重要价值用户,3,4,3
U01784,6,7,1342.84,重要价值用户,5,4,3
U01785,64,17,5719.61,重要保持用户,3,5,5
U01786,364,1,132.77,一般挽留用户,1,1,1
U01787,49,8,1567.53,重要保持用户,3,4,3
U01788,78,3,112.75,一般挽留用户,2,3,1
U01789,4,15,13134.51,重要价值用户,5,5,5
U01790,125,6,2125.26,重要保持用户,2,4,4
U01791,162,3,193.01,一般挽留用户,1,3,2
U01792,124,3,290.89,一般挽留用户,2,3,2
U01793,220,1,51.47,一般挽留用户,1,1,1
U01794,114,1,224.17,一般挽留用户,2,1,2
U01795,19,3,414.42999999999995,一般发展用户,4,3,2
U01796,12,7,3048.59,重要价值用户,5,4,4
U01797,92,4,1180.4,重要挽留用户,2,3,3
U01798,63,2,196.24,一般挽留用户,3,2,2
U01799,16,18,12891.41,重要价值用户,4,5,5
U01800,46,4,1012.89,一般发展用户,3,3,3
U01801,100,6,1399.47,重要保持用户,2,4,3
U01802,11,3,339.12,一般发展用户,5,3,2
U01803,11,6,1361.4,重要价值用户,5,4,3
U01804,72,6,1267.3500000000001,重要保持用户,2,4,3
U01805,81,1,156.78,一般挽留用户,2,1,1
U01806,66,8,6902.32,重要保持用户,3,4,5
U01807,162,2,110.14,一般挽留用户,1,2,1
U01808,74,3,1224.66,重要挽留用户,2,3,3
U01809,22,22,16068.67,重要价值用户,4,5,5
U01810,53,4,950.46,一般挽留用户,3,3,3
U01811,1,3,528.76,一般发展用户,5,3,2
U01812,116,13,11049.75,重要保持用户,2,5,5
U01813,109,5,2073.87,重要保持用户,2,3,4
U01814,340,1,91.65,一般挽留用户,1,1,1
U01815,11,12,10257.98,重要价值用户,5,5,5
U01816,10,17,12960.57,重要价值用户,5,5,5
U01817,5,4,1208.0,重要发展用户,5,3,3
U01818,24,2,235.45,一般发展用户,4,2,2
U01819,37,4,529.84,一般发展用户,3,3,2
U01820,237,1,16.33,一般挽留用户,1,1,1
U01821,13,15,11269.939999999999,重要价值用户,5,5,5
U01822,350,1,32.24,一般挽留用户,1,1,1
U01823,17,4,1218.52,重要发展用户,4,3,3
U01824,55,6,1889.42,重要保持用户,3,4,4
U01825,117,2,210.45000000000002,一般挽留用户,2,2,2
U01826,33,6,1730.9,重要价值用户,3,4,4
U01827,4,7,1423.16,重要价值用户,5,4,3
U01828,166,1,55.85,一般挽留用户,1,1,1
U01829,19,27,17392.66,重要价值用户,4,5,5
U01830,7,24,12776.28,重要价值用户,5,5,5
U01831,40,2,68.1,一般发展用户,3,2,1
U01832,6,7,2021.04,重要价值用户,5,4,4
U01833,61,9,2986.33,重要保持用户,3,5,4
U01834,20,15,15864.36,重要价值用户,4,5,5
U01835,65,2,297.08000000000004,一般挽留用户,3,2,2
U01836,49,7,3124.75,重要保持用户,3,4,4
U01837,111,6,2172.92,重要保持用户,2,4,4
U01838,176,3,560.06,一般挽留用户,1,3,3
U01839,10,4,742.53,一般发展用户,5,3,3
U01840,255,1,51.48,一般挽留用户,1,1,1
U01841,219,3,781.26,一般挽留用户,1,3,3
U01842,181,3,289.47,一般挽留用户,1,3,2
U01843,37,6,1770.76,重要价值用户,3,4,4
U01844,94,2,388.70000000000005,一般挽留用户,2,2,2
U01845,100,3,136.07,一般挽留用户,2,3,1
U01846,4,7,1482.72,重要价值用户,5,4,3
U01847,59,6,1181.67,重要保持用户,3,4,3
U01848,31,7,3371.27,重要价值用户,4,4,4
U01849,52,3,415.52,一般挽留用户,3,3,2
U01850,181,2,337.96000000000004,一般挽留用户,1,2,2
U01851,31,3,485.53,一般发展用户,4,3,2
U01852,289,1,219.58,一般挽留用户,1,1,2
U01853,25,13,7768.79,重要价值用户,4,5,5
U01854,8,25,10761.32,重要价值用户,5,5,5
U01855,120,2,242.38,一般挽留用户,2,2,2
U01856,125,1,164.87,一般挽留用户,2,1,1
U01857,24,26,21878.89,重要价值用户,4,5,5
U01858,102,1,122.84,一般挽留用户,2,1,1
U01859,33,5,834.19,一般价值用户,3,3,3
U01860,78,8,3445.06,重要保持用户,2,4,4
U01861,142,3,289.09000000000003,一般挽留用户,1,3,2
U01862,70,6,2181.28,重要保持用户,2,4,4
U01863,23,9,1605.59,重要价值用户,4,5,3
U01864,188,3,117.23,一般挽留用户,1,3,1
U01865,6,2,53.790000000000006,一般发展用户,5,2,1
U01866,93,2,241.92000000000002,一般挽留用户,2,2,2
U01867,19,17,9626.6,重要价值用户,4,5,5
U01868,39,3,406.71,一般发展用户,3,3,2
U01869,335,1,124.56,一般挽留用户,1,1,1
U01870,123,7,1665.87,重要保持用户,2,4,3
U01871,21,9,3376.07,重要价值用户,4,5,4
U01872,30,4,1363.93,重要发展用户,4,3,3
U01873,1,25,10570.42,重要价值用户,5,5,5
U01874,16,7,3417.98,重要价值用户,4,4,4
U01875,230,2,317.61,一般挽留用户,1,2,2
U01876,102,10,2744.06,重要保持用户,2,5,4
U01877,62,8,3454.12,重要保持用户,3,4,4
U01878,244,1,47.61,一般挽留用户,1,1,1
U01879,98,2,304.78,一般挽留用户,2,2,2
U01880,92,8,3815.4700000000003,重要保持用户,2,4,4
U01881,191,1,116.37,一般挽留用户,1,1,1
U01882,21,8,2114.66,重要价值用户,4,4,4
U01883,50,3,626.58,一般挽留用户,3,3,3
U01884,231,1,36.94,一般挽留用户,1,1,1
U01885,5,11,4041.45,重要价值用户,5,5,4
U01886,2,24,7423.1900000000005,重要价值用户,5,5,5
U01887,66,7,2139.02,重要保持用户,3,4,4
U01888,175,3,577.62,一般挽留用户,1,3,3
U01889,7,5,1592.29,重要价值用户,5,3,3
U01890,109,2,61.21,一般挽留用户,2,2,1
U01891,8,8,4546.69,重要价值用户,5,4,5
U01892,51,3,145.69,一般挽留用户,3,3,1
U01893,33,8,2295.63,重要价值用户,3,4,4
U01894,1,3,531.04,一般发展用户,5,3,2
U01895,76,3,541.07,一般挽留用户,2,3,2
U01896,270,1,60.73,一般挽留用户,1,1,1
U01897,18,20,5528.01,重要价值用户,4,5,5
U01898,287,1,92.84,一般挽留用户,1,1,1
U01899,30,21,19103.5,重要价值用户,4,5,5
U01900,6,24,22826.14,重要价值用户,5,5,5
U01901,15,7,2396.29,重要价值用户,4,4,4
U01902,57,3,433.32,一般挽留用户,3,3,2
U01903,4,27,24271.93,重要价值用户,5,5,5
U01904,86,3,513.74,一般挽留用户,2,3,2
U01905,226,3,471.44,一般挽留用户,1,3,2
U01906,263,3,295.93,一般挽留用户,1,3,2
U01907,21,17,13659.47,重要价值用户,4,5,5
U01908,3,27,8929.51,重要价值用户,5,5,5
U01909,17,3,533.72,一般发展用户,4,3,2
U01910,186,2,307.70000000000005,一般挽留用户,1,2,2
U01911,332,1,32.34,一般挽留用户,1,1,1
U01912,55,22,12542.23,重要保持用户,3,5,5
U01913,190,3,346.43,一般挽留用户,1,3,2
U01914,9,29,22211.24,重要价值用户,5,5,5
U01915,13,23,18064.06,重要价值用户,5,5,5
U01916,29,1,168.81,一般发展用户,4,1,1
U01917,34,3,661.15,一般发展用户,3,3,3
U01918,15,8,2871.18,重要价值用户,4,4,4
U01919,15,6,1363.7,重要价值用户,4,4,3
U01920,8,20,13753.78,重要价值用户,5,5,5
U01921,319,1,201.6,一般挽留用户,1,1,2
U01922,106,3,855.65,一般挽留用户,2,3,3
U01923,106,6,869.03,一般保持用户,2,4,3
U01924,39,1,76.03,一般发展用户,3,1,1
U01925,9,7,3457.42,重要价值用户,5,4,4
U01926,33,9,1804.41,重要价值用户,3,5,4
U01927,18,3,339.27,一般发展用户,4,3,2
U01928,7,24,8461.64,重要价值用户,5,5,5
U01929,33,8,1534.25,重要价值用户,3,4,3
U01930,52,4,806.51,一般挽留用户,3,3,3
U01931,6,8,2848.86,重要价值用户,5,4,4
U01932,156,2,243.41000000000003,一般挽留用户,1,2,2
U01933,47,11,12799.46,重要保持用户,3,5,5
U01934,91,3,332.92,一般挽留用户,2,3,2
U01935,50,9,3793.66,重要保持用户,3,5,4
U01936,261,2,254.56,一般挽留用户,1,2,2
U01937,49,2,208.84,一般挽留用户,3,2,2
U01938,119,3,224.91,一般挽留用户,2,3,2
U01939,99,1,165.12,一般挽留用户,2,1,1
U01940,19,9,2182.82,重要价值用户,4,5,4
U01941,26,23,10966.9,重要价值用户,4,5,5
U01942,1,3,1044.51,一般发展用户,5,3,3
U01943,351,1,244.34,一般挽留用户,1,1,2
U01944,309,1,50.82,一般挽留用户,1,1,1
U01945,12,8,1116.73,一般价值用户,5,4,3
U01946,5,6,1296.27,重要价值用户,5,4,3
U01947,63,7,1369.3899999999999,重要保持用户,3,4,3
U01948,114,3,619.58,一般挽留用户,2,3,3
U01949,8,13,10321.6,重要价值用户,5,5,5
U01950,66,13,9024.72,重要保持用户,3,5,5
U01951,46,8,3713.23,重要价值用户,3,4,4
U01952,88,6,1904.28,重要保持用户,2,4,4
U01953,18,22,13671.11,重要价值用户,4,5,5
U01954,128,3,1458.79,重要挽留用户,2,3,3
U01955,42,1,44.25,一般发展用户,3,1,1
U01956,152,3,388.17,一般挽留用户,1,3,2
U01957,64,8,1905.26,重要保持用户,3,4,4
U01958,27,6,1840.01,重要价值用户,4,4,4
U01959,103,5,1533.22,重要保持用户,2,3,3
U01960,115,7,2018.5,重要保持用户,2,4,4
U01961,122,3,171.28,一般挽留用户,2,3,1
U01962,71,7,2056.7,重要保持用户,2,4,4
U01963,112,3,268.67,一般挽留用户,2,3,2
U01964,329,1,97.84,一般挽留用户,1,1,1
U01965,78,2,176.06,一般挽留用户,2,2,1
U01966,5,2,374.81,一般发展用户,5,2,2
U01967,357,1,85.26,一般挽留用户,1,1,1
U01968,6,25,14286.51,重要价值用户,5,5,5
U01969,10,25,16573.72,重要价值用户,5,5,5
U01970,76,2,212.81,一般挽留用户,2,2,2
U01971,11,26,25089.04,重要价值用户,5,5,5
U01972,178,3,394.64,一般挽留用户,1,3,2
U01973,213,1,97.88,一般挽留用户,1,1,1
U01974,19,26,21068.489999999998,重要价值用户,4,5,5
U01975,213,1,101.65,一般挽留用户,1,1,1
U01976,223,4,1273.28,重要挽留用户,1,3,3
U01977,5,9,3260.31,重要价值用户,5,5,4
U01978,14,15,13227.56,重要价值用户,5,5,5
U01979,138,2,317.52,一般挽留用户,1,2,2
U01980,38,8,1059.65,一般价值用户,3,4,3
U01981,40,19,11311.38,重要价值用户,3,5,5
U01982,9,3,829.53,一般发展用户,5,3,3
U01983,8,8,2075.02,重要价值用户,5,4,4
U01984,12,5,1068.69,一般价值用户,5,3,3
U01985,97,3,565.7,一般挽留用户,2,3,3
U01986,8,16,12030.05,重要价值用户,5,5,5
U01987,264,3,118.75,一般挽留用户,1,3,1
U01988,32,2,213.26,一般发展用户,4,2,2
U01989,97,4,1314.02,重要挽留用户,2,3,3
U01990,41,2,272.7,一般发展用户,3,2,2
U01991,69,8,2984.36,重要保持用户,2,4,4
U01992,113,3,843.8900000000001,一般挽留用户,2,3,3
U01993,2,21,12124.08,重要价值用户,5,5,5
U01994,95,3,398.20000000000005,一般挽留用户,2,3,2
U01995,7,7,1852.02,重要价值用户,5,4,4
U01996,215,1,75.98,一般挽留用户,1,1,1
U01997,87,3,278.22,一般挽留用户,2,3,2
U01998,56,2,185.95999999999998,一般挽留用户,3,2,1
U01999,72,6,847.33,一般保持用户,2,4,3
U02000,6,20,15873.07,重要价值用户,5,5,5
